wavelength_nm,irradiance
753.00,4.90531000E+14
753.01,4.88622000E+14
753.02,4.87035000E+14
753.03,4.86661000E+14
753.04,4.87581000E+14
753.05,4.89147000E+14
753.06,4.90639000E+14
753.07,4.91647000E+14
753.08,4.92123000E+14
753.09,4.92295000E+14
753.10,4.92446000E+14
753.11,4.92666000E+14
753.12,4.92771000E+14
753.13,4.92493000E+14
753.14,4.91852000E+14
753.15,4.91303000E+14
753.16,4.91360000E+14
753.17,4.92042000E+14
753.18,4.92875000E+14
753.19,4.93417000E+14
753.20,4.93571000E+14
753.21,4.93432000E+14
753.22,4.93048000E+14
753.23,4.92413000E+14
753.24,4.91610000E+14
753.25,4.90779000E+14
753.26,4.89752000E+14
753.27,4.87462000E+14
753.28,4.81300000E+14
753.29,4.67122000E+14
753.30,4.42436000E+14
753.31,4.13110000E+14
753.32,3.94703000E+14
753.33,3.99843000E+14
753.34,4.24163000E+14
753.35,4.50774000E+14
753.36,4.66976000E+14
753.37,4.71936000E+14
753.38,4.71881000E+14
753.39,4.72825000E+14
753.40,4.76746000E+14
753.41,4.82030000E+14
753.42,4.86474000E+14
753.43,4.89300000E+14
753.44,4.90824000E+14
753.45,4.91510000E+14
753.46,4.91718000E+14
753.47,4.91775000E+14
753.48,4.91891000E+14
753.49,4.91965000E+14
753.50,4.91411000E+14
753.51,4.89179000E+14
753.52,4.84425000E+14
753.53,4.78049000E+14
753.54,4.73377000E+14
753.55,4.73747000E+14
753.56,4.78944000E+14
753.57,4.85439000E+14
753.58,4.90097000E+14
753.59,4.92276000E+14
753.60,4.92798000E+14
753.61,4.92459000E+14
753.62,4.91681000E+14
753.63,4.90819000E+14
753.64,4.90223000E+14
753.65,4.89975000E+14
753.66,4.89872000E+14
753.67,4.89751000E+14
753.68,4.89664000E+14
753.69,4.89794000E+14
753.70,4.90312000E+14
753.71,4.91178000E+14
753.72,4.92089000E+14
753.73,4.92724000E+14
753.74,4.92968000E+14
753.75,4.92899000E+14
753.76,4.92700000E+14
753.77,4.92571000E+14
753.78,4.92618000E+14
753.79,4.92786000E+14
753.80,4.92929000E+14
753.81,4.92890000E+14
753.82,4.92609000E+14
753.83,4.92249000E+14
753.84,4.92098000E+14
753.85,4.92213000E+14
753.86,4.92338000E+14
753.87,4.92261000E+14
753.88,4.92077000E+14
753.89,4.91988000E+14
753.90,4.92001000E+14
753.91,4.91888000E+14
753.92,4.91319000E+14
753.93,4.90091000E+14
753.94,4.88482000E+14
753.95,4.87332000E+14
753.96,4.87388000E+14
753.97,4.88480000E+14
753.98,4.89653000E+14
753.99,4.90154000E+14
754.00,4.90023000E+14
754.01,4.89747000E+14
754.02,4.89716000E+14
754.03,4.90092000E+14
754.04,4.90815000E+14
754.05,4.91629000E+14
754.06,4.92263000E+14
754.07,4.92614000E+14
754.08,4.92698000E+14
754.09,4.92537000E+14
754.10,4.92142000E+14
754.11,4.91567000E+14
754.12,4.90926000E+14
754.13,4.90332000E+14
754.14,4.89870000E+14
754.15,4.89693000E+14
754.16,4.90003000E+14
754.17,4.90773000E+14
754.18,4.91611000E+14
754.19,4.92079000E+14
754.20,4.92043000E+14
754.21,4.91455000E+14
754.22,4.89850000E+14
754.23,4.86641000E+14
754.24,4.82520000E+14
754.25,4.79938000E+14
754.26,4.80899000E+14
754.27,4.84620000E+14
754.28,4.88553000E+14
754.29,4.91047000E+14
754.30,4.92082000E+14
754.31,4.92254000E+14
754.32,4.91934000E+14
754.33,4.91136000E+14
754.34,4.89782000E+14
754.35,4.88050000E+14
754.36,4.86319000E+14
754.37,4.84538000E+14
754.38,4.82212000E+14
754.39,4.79750000E+14
754.40,4.79006000E+14
754.41,4.81231000E+14
754.42,4.85233000E+14
754.43,4.88705000E+14
754.44,4.90534000E+14
754.45,4.91131000E+14
754.46,4.91311000E+14
754.47,4.91466000E+14
754.48,4.91523000E+14
754.49,4.91312000E+14
754.50,4.90868000E+14
754.51,4.90410000E+14
754.52,4.90083000E+14
754.53,4.89800000E+14
754.54,4.89457000E+14
754.55,4.89191000E+14
754.56,4.89207000E+14
754.57,4.89467000E+14
754.58,4.89744000E+14
754.59,4.89886000E+14
754.60,4.89933000E+14
754.61,4.90006000E+14
754.62,4.90179000E+14
754.63,4.90419000E+14
754.64,4.90656000E+14
754.65,4.90852000E+14
754.66,4.91010000E+14
754.67,4.91130000E+14
754.68,4.91171000E+14
754.69,4.91060000E+14
754.70,4.90778000E+14
754.71,4.90447000E+14
754.72,4.90216000E+14
754.73,4.89989000E+14
754.74,4.89336000E+14
754.75,4.87924000E+14
754.76,4.86063000E+14
754.77,4.84498000E+14
754.78,4.83121000E+14
754.79,4.79854000E+14
754.80,4.71773000E+14
754.81,4.59085000E+14
754.82,4.48112000E+14
754.83,4.47034000E+14
754.84,4.56919000E+14
754.85,4.70342000E+14
754.86,4.79817000E+14
754.87,4.83857000E+14
754.88,4.84840000E+14
754.89,4.84864000E+14
754.90,4.84674000E+14
754.91,4.84478000E+14
754.92,4.84412000E+14
754.93,4.84511000E+14
754.94,4.84709000E+14
754.95,4.84697000E+14
754.96,4.83583000E+14
754.97,4.80059000E+14
754.98,4.73897000E+14
754.99,4.67769000E+14
755.00,4.66098000E+14
755.01,4.70585000E+14
755.02,4.78186000E+14
755.03,4.84632000E+14
755.04,4.88279000E+14
755.05,4.89904000E+14
755.06,4.90641000E+14
755.07,4.91021000E+14
755.08,4.91147000E+14
755.09,4.90994000E+14
755.10,4.90585000E+14
755.11,4.90133000E+14
755.12,4.89992000E+14
755.13,4.90314000E+14
755.14,4.90837000E+14
755.15,4.91175000E+14
755.16,4.91194000E+14
755.17,4.91011000E+14
755.18,4.90786000E+14
755.19,4.90619000E+14
755.20,4.90532000E+14
755.21,4.90525000E+14
755.22,4.90671000E+14
755.23,4.91031000E+14
755.24,4.91482000E+14
755.25,4.91762000E+14
755.26,4.91643000E+14
755.27,4.90978000E+14
755.28,4.89582000E+14
755.29,4.87152000E+14
755.30,4.83662000E+14
755.31,4.80282000E+14
755.32,4.79181000E+14
755.33,4.81376000E+14
755.34,4.85403000E+14
755.35,4.88932000E+14
755.36,4.90922000E+14
755.37,4.91726000E+14
755.38,4.91993000E+14
755.39,4.92048000E+14
755.40,4.91947000E+14
755.41,4.91615000E+14
755.42,4.90750000E+14
755.43,4.88819000E+14
755.44,4.85697000E+14
755.45,4.82483000E+14
755.46,4.80934000E+14
755.47,4.81619000E+14
755.48,4.83514000E+14
755.49,4.85600000E+14
755.50,4.87663000E+14
755.51,4.89513000E+14
755.52,4.90666000E+14
755.53,4.90914000E+14
755.54,4.90612000E+14
755.55,4.90316000E+14
755.56,4.90204000E+14
755.57,4.89860000E+14
755.58,4.88706000E+14
755.59,4.86788000E+14
755.60,4.85051000E+14
755.61,4.84543000E+14
755.62,4.85393000E+14
755.63,4.86844000E+14
755.64,4.88028000E+14
755.65,4.88294000E+14
755.66,4.86988000E+14
755.67,4.83729000E+14
755.68,4.79512000E+14
755.69,4.76925000E+14
755.70,4.77837000E+14
755.71,4.80888000E+14
755.72,4.81924000E+14
755.73,4.75881000E+14
755.74,4.58377000E+14
755.75,4.29954000E+14
755.76,4.01807000E+14
755.77,3.91594000E+14
755.78,4.06901000E+14
755.79,4.36726000E+14
755.80,4.63766000E+14
755.81,4.79800000E+14
755.82,4.86687000E+14
755.83,4.89077000E+14
755.84,4.89966000E+14
755.85,4.90462000E+14
755.86,4.90764000E+14
755.87,4.90884000E+14
755.88,4.90900000E+14
755.89,4.90908000E+14
755.90,4.90918000E+14
755.91,4.90867000E+14
755.92,4.90658000E+14
755.93,4.90102000E+14
755.94,4.88848000E+14
755.95,4.86549000E+14
755.96,4.83402000E+14
755.97,4.80508000E+14
755.98,4.79192000E+14
755.99,4.79668000E+14
756.00,4.80811000E+14
756.01,4.81513000E+14
756.02,4.81798000E+14
756.03,4.82363000E+14
756.04,4.83511000E+14
756.05,4.84960000E+14
756.06,4.86274000E+14
756.07,4.87113000E+14
756.08,4.87392000E+14
756.09,4.87433000E+14
756.10,4.87663000E+14
756.11,4.88069000E+14
756.12,4.88116000E+14
756.13,4.86958000E+14
756.14,4.83360000E+14
756.15,4.75979000E+14
756.16,4.65225000E+14
756.17,4.55267000E+14
756.18,4.52128000E+14
756.19,4.57988000E+14
756.20,4.68752000E+14
756.21,4.78459000E+14
756.22,4.84313000E+14
756.23,4.86862000E+14
756.24,4.87580000E+14
756.25,4.87497000E+14
756.26,4.87137000E+14
756.27,4.86754000E+14
756.28,4.86432000E+14
756.29,4.86180000E+14
756.30,4.86062000E+14
756.31,4.86240000E+14
756.32,4.86814000E+14
756.33,4.87657000E+14
756.34,4.88496000E+14
756.35,4.89110000E+14
756.36,4.89410000E+14
756.37,4.89447000E+14
756.38,4.89396000E+14
756.39,4.89456000E+14
756.40,4.89674000E+14
756.41,4.89915000E+14
756.42,4.89993000E+14
756.43,4.89763000E+14
756.44,4.89168000E+14
756.45,4.88329000E+14
756.46,4.87478000E+14
756.47,4.86438000E+14
756.48,4.84198000E+14
756.49,4.79829000E+14
756.50,4.74513000E+14
756.51,4.71642000E+14
756.52,4.73478000E+14
756.53,4.78569000E+14
756.54,4.83652000E+14
756.55,4.86884000E+14
756.56,4.88423000E+14
756.57,4.89142000E+14
756.58,4.89662000E+14
756.59,4.90152000E+14
756.60,4.90515000E+14
756.61,4.90627000E+14
756.62,4.90364000E+14
756.63,4.89540000E+14
756.64,4.88150000E+14
756.65,4.86766000E+14
756.66,4.86306000E+14
756.67,4.87061000E+14
756.68,4.88294000E+14
756.69,4.89070000E+14
756.70,4.89091000E+14
756.71,4.88577000E+14
756.72,4.87792000E+14
756.73,4.86881000E+14
756.74,4.85917000E+14
756.75,4.85061000E+14
756.76,4.84722000E+14
756.77,4.85281000E+14
756.78,4.86601000E+14
756.79,4.88083000E+14
756.80,4.89184000E+14
756.81,4.89677000E+14
756.82,4.89555000E+14
756.83,4.88958000E+14
756.84,4.88225000E+14
756.85,4.87738000E+14
756.86,4.87536000E+14
756.87,4.87176000E+14
756.88,4.86058000E+14
756.89,4.83800000E+14
756.90,4.80469000E+14
756.91,4.76826000E+14
756.92,4.74288000E+14
756.93,4.74082000E+14
756.94,4.76161000E+14
756.95,4.79254000E+14
756.96,4.82142000E+14
756.97,4.84505000E+14
756.98,4.86502000E+14
756.99,4.88131000E+14
757.00,4.89267000E+14
757.01,4.89899000E+14
757.02,4.90093000E+14
757.03,4.89831000E+14
757.04,4.88806000E+14
757.05,4.85954000E+14
757.06,4.78733000E+14
757.07,4.63519000E+14
757.08,4.39737000E+14
757.09,4.15774000E+14
757.10,4.06385000E+14
757.11,4.18575000E+14
757.12,4.43296000E+14
757.13,4.65324000E+14
757.14,4.76951000E+14
757.15,4.79929000E+14
757.16,4.79649000E+14
757.17,4.80177000E+14
757.18,4.82354000E+14
757.19,4.84815000E+14
757.20,4.86397000E+14
757.21,4.87167000E+14
757.22,4.87646000E+14
757.23,4.88107000E+14
757.24,4.88601000E+14
757.25,4.89071000E+14
757.26,4.89383000E+14
757.27,4.89487000E+14
757.28,4.89532000E+14
757.29,4.89709000E+14
757.30,4.90024000E+14
757.31,4.90277000E+14
757.32,4.90221000E+14
757.33,4.89778000E+14
757.34,4.89197000E+14
757.35,4.88925000E+14
757.36,4.89143000E+14
757.37,4.89523000E+14
757.38,4.89636000E+14
757.39,4.89460000E+14
757.40,4.89321000E+14
757.41,4.89406000E+14
757.42,4.89536000E+14
757.43,4.89444000E+14
757.44,4.89174000E+14
757.45,4.89065000E+14
757.46,4.89331000E+14
757.47,4.89805000E+14
757.48,4.90124000E+14
757.49,4.90051000E+14
757.50,4.89469000E+14
757.51,4.88011000E+14
757.52,4.84838000E+14
757.53,4.79423000E+14
757.54,4.73190000E+14
757.55,4.69452000E+14
757.56,4.70026000E+14
757.57,4.71898000E+14
757.58,4.68414000E+14
757.59,4.54731000E+14
757.60,4.34195000E+14
757.61,4.19396000E+14
757.62,4.21957000E+14
757.63,4.40157000E+14
757.64,4.61507000E+14
757.65,4.76265000E+14
757.66,4.83404000E+14
757.67,4.86162000E+14
757.68,4.87223000E+14
757.69,4.87813000E+14
757.70,4.88349000E+14
757.71,4.88748000E+14
757.72,4.88598000E+14
757.73,4.87653000E+14
757.74,4.86347000E+14
757.75,4.85608000E+14
757.76,4.85989000E+14
757.77,4.87167000E+14
757.78,4.88448000E+14
757.79,4.89429000E+14
757.80,4.90063000E+14
757.81,4.90423000E+14
757.82,4.90584000E+14
757.83,4.90610000E+14
757.84,4.90563000E+14
757.85,4.90489000E+14
757.86,4.90417000E+14
757.87,4.90344000E+14
757.88,4.90245000E+14
757.89,4.90117000E+14
757.90,4.89995000E+14
757.91,4.89884000E+14
757.92,4.89721000E+14
757.93,4.89512000E+14
757.94,4.89380000E+14
757.95,4.89386000E+14
757.96,4.89430000E+14
757.97,4.89434000E+14
757.98,4.89476000E+14
757.99,4.89647000E+14
758.00,4.89883000E+14
758.01,4.90013000E+14
758.02,4.89894000E+14
758.03,4.89410000E+14
758.04,4.88486000E+14
758.05,4.87166000E+14
758.06,4.85561000E+14
758.07,4.83816000E+14
758.08,4.82374000E+14
758.09,4.81999000E+14
758.10,4.83031000E+14
758.11,4.84878000E+14
758.12,4.86590000E+14
758.13,4.87719000E+14
758.14,4.88393000E+14
758.15,4.88849000E+14
758.16,4.89134000E+14
758.17,4.89230000E+14
758.18,4.89196000E+14
758.19,4.89125000E+14
758.20,4.89045000E+14
758.21,4.88914000E+14
758.22,4.88702000E+14
758.23,4.88474000E+14
758.24,4.88356000E+14
758.25,4.88379000E+14
758.26,4.88496000E+14
758.27,4.88717000E+14
758.28,4.89082000E+14
758.29,4.89502000E+14
758.30,4.89793000E+14
758.31,4.89848000E+14
758.32,4.89665000E+14
758.33,4.89285000E+14
758.34,4.88755000E+14
758.35,4.88106000E+14
758.36,4.87345000E+14
758.37,4.86488000E+14
758.38,4.85444000E+14
758.39,4.83731000E+14
758.40,4.80848000E+14
758.41,4.77541000E+14
758.42,4.76015000E+14
758.43,4.77715000E+14
758.44,4.81501000E+14
758.45,4.85074000E+14
758.46,4.87352000E+14
758.47,4.88601000E+14
758.48,4.89207000E+14
758.49,4.89207000E+14
758.50,4.88616000E+14
758.51,4.87767000E+14
758.52,4.87189000E+14
758.53,4.86880000E+14
758.54,4.85337000E+14
758.55,4.78895000E+14
758.56,4.62753000E+14
758.57,4.36177000E+14
758.58,4.09218000E+14
758.59,3.99029000E+14
758.60,4.13198000E+14
758.61,4.40924000E+14
758.62,4.65399000E+14
758.63,4.79226000E+14
758.64,4.84918000E+14
758.65,4.87029000E+14
758.66,4.87877000E+14
758.67,4.88088000E+14
758.68,4.87985000E+14
758.69,4.87906000E+14
758.70,4.87955000E+14
758.71,4.87969000E+14
758.72,4.87758000E+14
758.73,4.87223000E+14
758.74,4.86203000E+14
758.75,4.84150000E+14
758.76,4.79571000E+14
758.77,4.69286000E+14
758.78,4.48850000E+14
758.79,4.16891000E+14
758.80,3.82197000E+14
758.81,3.63043000E+14
758.82,3.72158000E+14
758.83,4.03185000E+14
758.84,4.37606000E+14
758.85,4.62188000E+14
758.86,4.75262000E+14
758.87,4.80996000E+14
758.88,4.83443000E+14
758.89,4.84839000E+14
758.90,4.85984000E+14
758.91,4.86964000E+14
758.92,4.87689000E+14
758.93,4.88116000E+14
758.94,4.88266000E+14
758.95,4.88215000E+14
758.96,4.88089000E+14
758.97,4.87979000E+14
758.98,4.87783000E+14
758.99,4.87047000E+14
759.00,4.84798000E+14
759.01,4.79656000E+14
759.02,4.71141000E+14
759.03,4.61931000E+14
759.04,4.57453000E+14
759.05,4.60796000E+14
759.06,4.68882000E+14
759.07,4.75676000E+14
759.08,4.78217000E+14
759.09,4.78268000E+14
759.10,4.79114000E+14
759.11,4.81902000E+14
759.12,4.85291000E+14
759.13,4.87712000E+14
759.14,4.88810000E+14
759.15,4.89042000E+14
759.16,4.88924000E+14
759.17,4.88768000E+14
759.18,4.88683000E+14
759.19,4.88653000E+14
759.20,4.88678000E+14
759.21,4.88782000E+14
759.22,4.88885000E+14
759.23,4.88788000E+14
759.24,4.88334000E+14
759.25,4.87573000E+14
759.26,4.86769000E+14
759.27,4.86269000E+14
759.28,4.86319000E+14
759.29,4.86891000E+14
759.30,4.87635000E+14
759.31,4.88082000E+14
759.32,4.88010000E+14
759.33,4.87621000E+14
759.34,4.87330000E+14
759.35,4.87306000E+14
759.36,4.87250000E+14
759.37,4.86773000E+14
759.38,4.85966000E+14
759.39,4.85404000E+14
759.40,4.85563000E+14
759.41,4.86371000E+14
759.42,4.87345000E+14
759.43,4.88007000E+14
759.44,4.88185000E+14
759.45,4.88052000E+14
759.46,4.87902000E+14
759.47,4.87866000E+14
759.48,4.87926000E+14
759.49,4.88094000E+14
759.50,4.88375000E+14
759.51,4.88646000E+14
759.52,4.88738000E+14
759.53,4.88593000E+14
759.54,4.88239000E+14
759.55,4.87621000E+14
759.56,4.86608000E+14
759.57,4.85307000E+14
759.58,4.84262000E+14
759.59,4.84025000E+14
759.60,4.84509000E+14
759.61,4.85020000E+14
759.62,4.85042000E+14
759.63,4.84776000E+14
759.64,4.84783000E+14
759.65,4.85264000E+14
759.66,4.85845000E+14
759.67,4.85997000E+14
759.68,4.85582000E+14
759.69,4.84887000E+14
759.70,4.84036000E+14
759.71,4.82618000E+14
759.72,4.80412000E+14
759.73,4.78396000E+14
759.74,4.78204000E+14
759.75,4.80343000E+14
759.76,4.83606000E+14
759.77,4.86384000E+14
759.78,4.87987000E+14
759.79,4.88649000E+14
759.80,4.88848000E+14
759.81,4.88891000E+14
759.82,4.88891000E+14
759.83,4.88858000E+14
759.84,4.88754000E+14
759.85,4.88500000E+14
759.86,4.88027000E+14
759.87,4.87359000E+14
759.88,4.86683000E+14
759.89,4.86273000E+14
759.90,4.86247000E+14
759.91,4.86367000E+14
759.92,4.86155000E+14
759.93,4.85297000E+14
759.94,4.83965000E+14
759.95,4.82749000E+14
759.96,4.82277000E+14
759.97,4.82813000E+14
759.98,4.84130000E+14
759.99,4.85702000E+14
760.00,4.87022000E+14
760.01,4.87820000E+14
760.02,4.88111000E+14
760.03,4.88071000E+14
760.04,4.87882000E+14
760.05,4.87649000E+14
760.06,4.87413000E+14
760.07,4.87179000E+14
760.08,4.86946000E+14
760.09,4.86712000E+14
760.10,4.86473000E+14
760.11,4.86228000E+14
760.12,4.85976000E+14
760.13,4.85723000E+14
760.14,4.85476000E+14
760.15,4.85236000E+14
760.16,4.84998000E+14
760.17,4.84748000E+14
760.18,4.84433000E+14
760.19,4.83899000E+14
760.20,4.82855000E+14
760.21,4.80948000E+14
760.22,4.77988000E+14
760.23,4.74111000E+14
760.24,4.69702000E+14
760.25,4.65252000E+14
760.26,4.61367000E+14
760.27,4.58789000E+14
760.28,4.58136000E+14
760.29,4.59510000E+14
760.30,4.62512000E+14
760.31,4.66570000E+14
760.32,4.71043000E+14
760.33,4.75152000E+14
760.34,4.78170000E+14
760.35,4.79785000E+14
760.36,4.80189000E+14
760.37,4.79773000E+14
760.38,4.78720000E+14
760.39,4.76880000E+14
760.40,4.73974000E+14
760.41,4.69938000E+14
760.42,4.65085000E+14
760.43,4.60055000E+14
760.44,4.55770000E+14
760.45,4.53385000E+14
760.46,4.53869000E+14
760.47,4.57324000E+14
760.48,4.62754000E+14
760.49,4.68602000E+14
760.50,4.73572000E+14
760.51,4.77146000E+14
760.52,4.79569000E+14
760.53,4.81396000E+14
760.54,4.83025000E+14
760.55,4.84567000E+14
760.56,4.85950000E+14
760.57,4.87041000E+14
760.58,4.87759000E+14
760.59,4.88134000E+14
760.60,4.88283000E+14
760.61,4.88325000E+14
760.62,4.88330000E+14
760.63,4.88324000E+14
760.64,4.88312000E+14
760.65,4.88293000E+14
760.66,4.88266000E+14
760.67,4.88233000E+14
760.68,4.88185000E+14
760.69,4.88023000E+14
760.70,4.87331000E+14
760.71,4.85098000E+14
760.72,4.80156000E+14
760.73,4.73114000E+14
760.74,4.67776000E+14
760.75,4.68264000E+14
760.76,4.74192000E+14
760.77,4.81118000E+14
760.78,4.85536000E+14
760.79,4.87012000E+14
760.80,4.86339000E+14
760.81,4.83888000E+14
760.82,4.79760000E+14
760.83,4.74528000E+14
760.84,4.69557000E+14
760.85,4.66693000E+14
760.86,4.67369000E+14
760.87,4.71506000E+14
760.88,4.77320000E+14
760.89,4.82544000E+14
760.90,4.85911000E+14
760.91,4.87513000E+14
760.92,4.88072000E+14
760.93,4.88205000E+14
760.94,4.88216000E+14
760.95,4.88206000E+14
760.96,4.88200000E+14
760.97,4.88201000E+14
760.98,4.88205000E+14
760.99,4.88210000E+14
761.00,4.88212000E+14
761.01,4.88208000E+14
761.02,4.88195000E+14
761.03,4.88177000E+14
761.04,4.88159000E+14
761.05,4.88133000E+14
761.06,4.88051000E+14
761.07,4.87794000E+14
761.08,4.87173000E+14
761.09,4.86041000E+14
761.10,4.84489000E+14
761.11,4.82944000E+14
761.12,4.82012000E+14
761.13,4.82114000E+14
761.14,4.83188000E+14
761.15,4.84723000E+14
761.16,4.86039000E+14
761.17,4.86495000E+14
761.18,4.85525000E+14
761.19,4.82735000E+14
761.20,4.78115000E+14
761.21,4.71981000E+14
761.22,4.64896000E+14
761.23,4.58399000E+14
761.24,4.55396000E+14
761.25,4.58130000E+14
761.26,4.65390000E+14
761.27,4.73094000E+14
761.28,4.78061000E+14
761.29,4.80277000E+14
761.30,4.81527000E+14
761.31,4.83059000E+14
761.32,4.84871000E+14
761.33,4.86420000E+14
761.34,4.87384000E+14
761.35,4.87828000E+14
761.36,4.87981000E+14
761.37,4.88016000E+14
761.38,4.88012000E+14
761.39,4.87996000E+14
761.40,4.87979000E+14
761.41,4.87965000E+14
761.42,4.87936000E+14
761.43,4.87843000E+14
761.44,4.87593000E+14
761.45,4.87099000E+14
761.46,4.86395000E+14
761.47,4.85714000E+14
761.48,4.85384000E+14
761.49,4.85584000E+14
761.50,4.86196000E+14
761.51,4.86907000E+14
761.52,4.87455000E+14
761.53,4.87761000E+14
761.54,4.87888000E+14
761.55,4.87924000E+14
761.56,4.87920000E+14
761.57,4.87889000E+14
761.58,4.87806000E+14
761.59,4.87585000E+14
761.60,4.87098000E+14
761.61,4.86262000E+14
761.62,4.85139000E+14
761.63,4.83866000E+14
761.64,4.82583000E+14
761.65,4.81552000E+14
761.66,4.81173000E+14
761.67,4.81605000E+14
761.68,4.82550000E+14
761.69,4.83590000E+14
761.70,4.84534000E+14
761.71,4.85357000E+14
761.72,4.85989000E+14
761.73,4.86252000E+14
761.74,4.85952000E+14
761.75,4.84957000E+14
761.76,4.83160000E+14
761.77,4.80479000E+14
761.78,4.77334000E+14
761.79,4.75146000E+14
761.80,4.75561000E+14
761.81,4.78646000E+14
761.82,4.82591000E+14
761.83,4.85518000E+14
761.84,4.86806000E+14
761.85,4.86381000E+14
761.86,4.82982000E+14
761.87,4.72893000E+14
761.88,4.51286000E+14
761.89,4.18473000E+14
761.90,3.86474000E+14
761.91,3.73584000E+14
761.92,3.87256000E+14
761.93,4.16901000E+14
761.94,4.46228000E+14
761.95,4.66640000E+14
761.96,4.77856000E+14
761.97,4.82484000E+14
761.98,4.82679000E+14
761.99,4.79892000E+14
762.00,4.76106000E+14
762.01,4.74043000E+14
762.02,4.75146000E+14
762.03,4.78286000E+14
762.04,4.81410000E+14
762.05,4.83508000E+14
762.06,4.84539000E+14
762.07,4.84585000E+14
762.08,4.83245000E+14
762.09,4.78734000E+14
762.10,4.67519000E+14
762.11,4.47498000E+14
762.12,4.24318000E+14
762.13,4.11610000E+14
762.14,4.18849000E+14
762.15,4.40547000E+14
762.16,4.62666000E+14
762.17,4.76586000E+14
762.18,4.82680000E+14
762.19,4.84657000E+14
762.20,4.85031000E+14
762.21,4.84284000E+14
762.22,4.80947000E+14
762.23,4.71855000E+14
762.24,4.55009000E+14
762.25,4.35186000E+14
762.26,4.24416000E+14
762.27,4.31196000E+14
762.28,4.50503000E+14
762.29,4.69665000E+14
762.30,4.81208000E+14
762.31,4.85856000E+14
762.32,4.87073000E+14
762.33,4.87065000E+14
762.34,4.86564000E+14
762.35,4.85803000E+14
762.36,4.85052000E+14
762.37,4.84598000E+14
762.38,4.84532000E+14
762.39,4.84694000E+14
762.40,4.84781000E+14
762.41,4.84501000E+14
762.42,4.83817000E+14
762.43,4.83181000E+14
762.44,4.83287000E+14
762.45,4.84316000E+14
762.46,4.85686000E+14
762.47,4.86710000E+14
762.48,4.87184000E+14
762.49,4.87259000E+14
762.50,4.87086000E+14
762.51,4.86710000E+14
762.52,4.86164000E+14
762.53,4.85548000E+14
762.54,4.85035000E+14
762.55,4.84808000E+14
762.56,4.84959000E+14
762.57,4.85428000E+14
762.58,4.86041000E+14
762.59,4.86611000E+14
762.60,4.87017000E+14
762.61,4.87238000E+14
762.62,4.87299000E+14
762.63,4.87158000E+14
762.64,4.86559000E+14
762.65,4.85048000E+14
762.66,4.82418000E+14
762.67,4.79431000E+14
762.68,4.77749000E+14
762.69,4.78510000E+14
762.70,4.81081000E+14
762.71,4.83712000E+14
762.72,4.85221000E+14
762.73,4.85615000E+14
762.74,4.85446000E+14
762.75,4.85126000E+14
762.76,4.84810000E+14
762.77,4.84557000E+14
762.78,4.84416000E+14
762.79,4.84399000E+14
762.80,4.84473000E+14
762.81,4.84640000E+14
762.82,4.84984000E+14
762.83,4.85551000E+14
762.84,4.86214000E+14
762.85,4.86753000E+14
762.86,4.87060000E+14
762.87,4.87185000E+14
762.88,4.87224000E+14
762.89,4.87236000E+14
762.90,4.87242000E+14
762.91,4.87244000E+14
762.92,4.87239000E+14
762.93,4.87226000E+14
762.94,4.87209000E+14
762.95,4.87194000E+14
762.96,4.87187000E+14
762.97,4.87187000E+14
762.98,4.87192000E+14
762.99,4.87196000E+14
763.00,4.87199000E+14
763.01,4.87195000E+14
763.02,4.87183000E+14
763.03,4.87166000E+14
763.04,4.87148000E+14
763.05,4.87128000E+14
763.06,4.87074000E+14
763.07,4.86900000E+14
763.08,4.86467000E+14
763.09,4.85683000E+14
763.10,4.84685000E+14
763.11,4.83884000E+14
763.12,4.83675000E+14
763.13,4.84023000E+14
763.14,4.84425000E+14
763.15,4.84359000E+14
763.16,4.83684000E+14
763.17,4.82597000E+14
763.18,4.81463000E+14
763.19,4.80760000E+14
763.20,4.80935000E+14
763.21,4.82061000E+14
763.22,4.83690000E+14
763.23,4.85198000E+14
763.24,4.86221000E+14
763.25,4.86754000E+14
763.26,4.86971000E+14
763.27,4.87040000E+14
763.28,4.87054000E+14
763.29,4.87047000E+14
763.30,4.87031000E+14
763.31,4.87014000E+14
763.32,4.87003000E+14
763.33,4.87001000E+14
763.34,4.87003000E+14
763.35,4.87008000E+14
763.36,4.87012000E+14
763.37,4.87012000E+14
763.38,4.87004000E+14
763.39,4.86989000E+14
763.40,4.86971000E+14
763.41,4.86959000E+14
763.42,4.86955000E+14
763.43,4.86957000E+14
763.44,4.86962000E+14
763.45,4.86962000E+14
763.46,4.86939000E+14
763.47,4.86835000E+14
763.48,4.86535000E+14
763.49,4.85927000E+14
763.50,4.85065000E+14
763.51,4.84220000E+14
763.52,4.83604000E+14
763.53,4.83067000E+14
763.54,4.82278000E+14
763.55,4.81245000E+14
763.56,4.80445000E+14
763.57,4.80267000E+14
763.58,4.80496000E+14
763.59,4.80604000E+14
763.60,4.80512000E+14
763.61,4.80770000E+14
763.62,4.81830000E+14
763.63,4.83405000E+14
763.64,4.84787000E+14
763.65,4.85587000E+14
763.66,4.85907000E+14
763.67,4.86012000E+14
763.68,4.86071000E+14
763.69,4.86136000E+14
763.70,4.86213000E+14
763.71,4.86296000E+14
763.72,4.86378000E+14
763.73,4.86455000E+14
763.74,4.86509000E+14
763.75,4.86489000E+14
763.76,4.86301000E+14
763.77,4.85856000E+14
763.78,4.85231000E+14
763.79,4.84758000E+14
763.80,4.84785000E+14
763.81,4.85307000E+14
763.82,4.85970000E+14
763.83,4.86447000E+14
763.84,4.86668000E+14
763.85,4.86729000E+14
763.86,4.86731000E+14
763.87,4.86725000E+14
763.88,4.86722000E+14
763.89,4.86715000E+14
763.90,4.86676000E+14
763.91,4.86531000E+14
763.92,4.86130000E+14
763.93,4.85274000E+14
763.94,4.83881000E+14
763.95,4.82230000E+14
763.96,4.80931000E+14
763.97,4.80462000E+14
763.98,4.80752000E+14
763.99,4.81357000E+14
764.00,4.81921000E+14
764.01,4.82399000E+14
764.02,4.82909000E+14
764.03,4.83503000E+14
764.04,4.84111000E+14
764.05,4.84614000E+14
764.06,4.84895000E+14
764.07,4.84906000E+14
764.08,4.84781000E+14
764.09,4.84754000E+14
764.10,4.84946000E+14
764.11,4.85316000E+14
764.12,4.85755000E+14
764.13,4.86145000E+14
764.14,4.86402000E+14
764.15,4.86526000E+14
764.16,4.86566000E+14
764.17,4.86543000E+14
764.18,4.86341000E+14
764.19,4.85514000E+14
764.20,4.83095000E+14
764.21,4.78019000E+14
764.22,4.70713000E+14
764.23,4.64438000E+14
764.24,4.63418000E+14
764.25,4.68474000E+14
764.26,4.75962000E+14
764.27,4.81770000E+14
764.28,4.84682000E+14
764.29,4.85676000E+14
764.30,4.85901000E+14
764.31,4.85920000E+14
764.32,4.85902000E+14
764.33,4.85884000E+14
764.34,4.85874000E+14
764.35,4.85871000E+14
764.36,4.85872000E+14
764.37,4.85873000E+14
764.38,4.85869000E+14
764.39,4.85855000E+14
764.40,4.85834000E+14
764.41,4.85810000E+14
764.42,4.85791000E+14
764.43,4.85779000E+14
764.44,4.85775000E+14
764.45,4.85775000E+14
764.46,4.85776000E+14
764.47,4.85772000E+14
764.48,4.85759000E+14
764.49,4.85737000E+14
764.50,4.85714000E+14
764.51,4.85695000E+14
764.52,4.85683000E+14
764.53,4.85679000E+14
764.54,4.85680000E+14
764.55,4.85681000E+14
764.56,4.85678000E+14
764.57,4.85667000E+14
764.58,4.85647000E+14
764.59,4.85624000E+14
764.60,4.85604000E+14
764.61,4.85590000E+14
764.62,4.85584000E+14
764.63,4.85584000E+14
764.64,4.85585000E+14
764.65,4.85583000E+14
764.66,4.85574000E+14
764.67,4.85555000E+14
764.68,4.85533000E+14
764.69,4.85512000E+14
764.70,4.85498000E+14
764.71,4.85492000E+14
764.72,4.85491000E+14
764.73,4.85493000E+14
764.74,4.85491000E+14
764.75,4.85478000E+14
764.76,4.85444000E+14
764.77,4.85377000E+14
764.78,4.85283000E+14
764.79,4.85187000E+14
764.80,4.85113000E+14
764.81,4.85053000E+14
764.82,4.84978000E+14
764.83,4.84897000E+14
764.84,4.84854000E+14
764.85,4.84860000E+14
764.86,4.84862000E+14
764.87,4.84799000E+14
764.88,4.84662000E+14
764.89,4.84523000E+14
764.90,4.84487000E+14
764.91,4.84586000E+14
764.92,4.84705000E+14
764.93,4.84611000E+14
764.94,4.84100000E+14
764.95,4.83117000E+14
764.96,4.81643000E+14
764.97,4.79504000E+14
764.98,4.76685000E+14
764.99,4.74060000E+14
765.00,4.73128000E+14
765.01,4.74541000E+14
765.02,4.77438000E+14
765.03,4.80431000E+14
765.04,4.82672000E+14
765.05,4.84004000E+14
765.06,4.84637000E+14
765.07,4.84862000E+14
765.08,4.84899000E+14
765.09,4.84868000E+14
765.10,4.84817000E+14
765.11,4.84756000E+14
765.12,4.84687000E+14
765.13,4.84612000E+14
765.14,4.84536000E+14
765.15,4.84467000E+14
765.16,4.84406000E+14
765.17,4.84350000E+14
765.18,4.84297000E+14
765.19,4.84242000E+14
765.20,4.84184000E+14
765.21,4.84117000E+14
765.22,4.84042000E+14
765.23,4.83957000E+14
765.24,4.83835000E+14
765.25,4.83541000E+14
765.26,4.82656000E+14
765.27,4.80294000E+14
765.28,4.75478000E+14
765.29,4.68659000E+14
765.30,4.63040000E+14
765.31,4.62591000E+14
765.32,4.67711000E+14
765.33,4.74591000E+14
765.34,4.79463000E+14
765.35,4.81666000E+14
765.36,4.82547000E+14
765.37,4.83232000E+14
765.38,4.83926000E+14
765.39,4.84439000E+14
765.40,4.84668000E+14
765.41,4.84656000E+14
765.42,4.84497000E+14
765.43,4.84243000E+14
765.44,4.83890000E+14
765.45,4.83490000E+14
765.46,4.83221000E+14
765.47,4.83227000E+14
765.48,4.83430000E+14
765.49,4.83608000E+14
765.50,4.83634000E+14
765.51,4.83550000E+14
765.52,4.83419000E+14
765.53,4.83026000E+14
765.54,4.81507000E+14
765.55,4.77112000E+14
765.56,4.67897000E+14
765.57,4.54535000E+14
765.58,4.43129000E+14
765.59,4.41817000E+14
765.60,4.52038000E+14
765.61,4.66464000E+14
765.62,4.77079000E+14
765.63,4.81568000E+14
765.64,4.81813000E+14
765.65,4.80281000E+14
765.66,4.78387000E+14
765.67,4.75998000E+14
765.68,4.71879000E+14
765.69,4.65234000E+14
765.70,4.56892000E+14
765.71,4.49106000E+14
765.72,4.44440000E+14
765.73,4.44309000E+14
765.74,4.48051000E+14
765.75,4.53788000E+14
765.76,4.60203000E+14
765.77,4.66772000E+14
765.78,4.72730000E+14
765.79,4.77121000E+14
765.80,4.79697000E+14
765.81,4.80940000E+14
765.82,4.81441000E+14
765.83,4.81595000E+14
765.84,4.81639000E+14
765.85,4.81702000E+14
765.86,4.81822000E+14
765.87,4.81950000E+14
765.88,4.81942000E+14
765.89,4.81500000E+14
765.90,4.80096000E+14
765.91,4.76908000E+14
765.92,4.70874000E+14
765.93,4.60496000E+14
765.94,4.43539000E+14
765.95,4.19163000E+14
765.96,3.93402000E+14
765.97,3.79879000E+14
765.98,3.88561000E+14
765.99,4.14478000E+14
766.00,4.42705000E+14
766.01,4.62408000E+14
766.02,4.72162000E+14
766.03,4.75490000E+14
766.04,4.76129000E+14
766.05,4.76362000E+14
766.06,4.76792000E+14
766.07,4.76665000E+14
766.08,4.74179000E+14
766.09,4.66287000E+14
766.10,4.49713000E+14
766.11,4.25283000E+14
766.12,4.01801000E+14
766.13,3.91703000E+14
766.14,4.00329000E+14
766.15,4.21337000E+14
766.16,4.42594000E+14
766.17,4.54141000E+14
766.18,4.52670000E+14
766.19,4.43213000E+14
766.20,4.36467000E+14
766.21,4.40303000E+14
766.22,4.52944000E+14
766.23,4.66415000E+14
766.24,4.75176000E+14
766.25,4.79096000E+14
766.26,4.80375000E+14
766.27,4.80521000E+14
766.28,4.79425000E+14
766.29,4.75014000E+14
766.30,4.63442000E+14
766.31,4.42421000E+14
766.32,4.17402000E+14
766.33,4.01841000E+14
766.34,4.05585000E+14
766.35,4.24596000E+14
766.36,4.46702000E+14
766.37,4.63699000E+14
766.38,4.74207000E+14
766.39,4.79727000E+14
766.40,4.82003000E+14
766.41,4.82423000E+14
766.42,4.81789000E+14
766.43,4.80431000E+14
766.44,4.78767000E+14
766.45,4.77655000E+14
766.46,4.77845000E+14
766.47,4.79176000E+14
766.48,4.80675000E+14
766.49,4.81493000E+14
766.50,4.81543000E+14
766.51,4.81292000E+14
766.52,4.81126000E+14
766.53,4.81015000E+14
766.54,4.80786000E+14
766.55,4.80484000E+14
766.56,4.80300000E+14
766.57,4.80182000E+14
766.58,4.79343000E+14
766.59,4.75570000E+14
766.60,4.64725000E+14
766.61,4.42389000E+14
766.62,4.09495000E+14
766.63,3.77810000E+14
766.64,3.64968000E+14
766.65,3.77671000E+14
766.66,4.00906000E+14
766.67,4.08396000E+14
766.68,3.84882000E+14
766.69,3.41286000E+14
766.70,3.09970000E+14
766.71,3.17679000E+14
766.72,3.60358000E+14
766.73,4.10891000E+14
766.74,4.47635000E+14
766.75,4.67117000E+14
766.76,4.75618000E+14
766.77,4.79098000E+14
766.78,4.80576000E+14
766.79,4.81268000E+14
766.80,4.81672000E+14
766.81,4.81991000E+14
766.82,4.82296000E+14
766.83,4.82605000E+14
766.84,4.82921000E+14
766.85,4.83236000E+14
766.86,4.83517000E+14
766.87,4.83715000E+14
766.88,4.83825000E+14
766.89,4.83912000E+14
766.90,4.84037000E+14
766.91,4.84164000E+14
766.92,4.84176000E+14
766.93,4.83995000E+14
766.94,4.83648000E+14
766.95,4.83215000E+14
766.96,4.82747000E+14
766.97,4.82311000E+14
766.98,4.82053000E+14
766.99,4.82091000E+14
767.00,4.82340000E+14
767.01,4.82496000E+14
767.02,4.82235000E+14
767.03,4.81515000E+14
767.04,4.80666000E+14
767.05,4.80101000E+14
767.06,4.79956000E+14
767.07,4.80051000E+14
767.08,4.80067000E+14
767.09,4.79677000E+14
767.10,4.78700000E+14
767.11,4.77222000E+14
767.12,4.75381000E+14
767.13,4.72861000E+14
767.14,4.68422000E+14
767.15,4.60316000E+14
767.16,4.48589000E+14
767.17,4.37613000E+14
767.18,4.34176000E+14
767.19,4.41055000E+14
767.20,4.54028000E+14
767.21,4.66488000E+14
767.22,4.74994000E+14
767.23,4.79744000E+14
767.24,4.82159000E+14
767.25,4.83340000E+14
767.26,4.83890000E+14
767.27,4.84136000E+14
767.28,4.84248000E+14
767.29,4.84307000E+14
767.30,4.84355000E+14
767.31,4.84435000E+14
767.32,4.84569000E+14
767.33,4.84726000E+14
767.34,4.84849000E+14
767.35,4.84914000E+14
767.36,4.84939000E+14
767.37,4.84947000E+14
767.38,4.84945000E+14
767.39,4.84919000E+14
767.40,4.84832000E+14
767.41,4.84610000E+14
767.42,4.84146000E+14
767.43,4.83361000E+14
767.44,4.82344000E+14
767.45,4.81373000E+14
767.46,4.80760000E+14
767.47,4.80710000E+14
767.48,4.81281000E+14
767.49,4.82274000E+14
767.50,4.83258000E+14
767.51,4.83856000E+14
767.52,4.83957000E+14
767.53,4.83655000E+14
767.54,4.83121000E+14
767.55,4.82593000E+14
767.56,4.82292000E+14
767.57,4.82277000E+14
767.58,4.82464000E+14
767.59,4.82807000E+14
767.60,4.83278000E+14
767.61,4.83769000E+14
767.62,4.84148000E+14
767.63,4.84375000E+14
767.64,4.84483000E+14
767.65,4.84503000E+14
767.66,4.84420000E+14
767.67,4.84212000E+14
767.68,4.83932000E+14
767.69,4.83746000E+14
767.70,4.83805000E+14
767.71,4.84073000E+14
767.72,4.84375000E+14
767.73,4.84576000E+14
767.74,4.84641000E+14
767.75,4.84547000E+14
767.76,4.84218000E+14
767.77,4.83573000E+14
767.78,4.82715000E+14
767.79,4.81975000E+14
767.80,4.81662000E+14
767.81,4.81805000E+14
767.82,4.82262000E+14
767.83,4.82901000E+14
767.84,4.83579000E+14
767.85,4.84129000E+14
767.86,4.84447000E+14
767.87,4.84526000E+14
767.88,4.84437000E+14
767.89,4.84295000E+14
767.90,4.84214000E+14
767.91,4.84219000E+14
767.92,4.84257000E+14
767.93,4.84303000E+14
767.94,4.84380000E+14
767.95,4.84482000E+14
767.96,4.84531000E+14
767.97,4.84397000E+14
767.98,4.83913000E+14
767.99,4.82954000E+14
768.00,4.81650000E+14
768.01,4.80461000E+14
768.02,4.79883000E+14
768.03,4.80081000E+14
768.04,4.80831000E+14
768.05,4.81721000E+14
768.06,4.82417000E+14
768.07,4.82833000E+14
768.08,4.83077000E+14
768.09,4.83270000E+14
768.10,4.83444000E+14
768.11,4.83565000E+14
768.12,4.83568000E+14
768.13,4.83327000E+14
768.14,4.82624000E+14
768.15,4.81304000E+14
768.16,4.79580000E+14
768.17,4.78010000E+14
768.18,4.76698000E+14
768.19,4.74132000E+14
768.20,4.66809000E+14
768.21,4.50949000E+14
768.22,4.27213000E+14
768.23,4.04929000E+14
768.24,3.97674000E+14
768.25,4.10639000E+14
768.26,4.35051000E+14
768.27,4.57578000E+14
768.28,4.71608000E+14
768.29,4.78174000E+14
768.30,4.80719000E+14
768.31,4.81707000E+14
768.32,4.82239000E+14
768.33,4.82586000E+14
768.34,4.82656000E+14
768.35,4.82376000E+14
768.36,4.81901000E+14
768.37,4.81513000E+14
768.38,4.81387000E+14
768.39,4.81535000E+14
768.40,4.81933000E+14
768.41,4.82535000E+14
768.42,4.83203000E+14
768.43,4.83756000E+14
768.44,4.84103000E+14
768.45,4.84273000E+14
768.46,4.84340000E+14
768.47,4.84349000E+14
768.48,4.84290000E+14
768.49,4.84114000E+14
768.50,4.83806000E+14
768.51,4.83468000E+14
768.52,4.83229000E+14
768.53,4.83025000E+14
768.54,4.82619000E+14
768.55,4.82012000E+14
768.56,4.81645000E+14
768.57,4.81900000E+14
768.58,4.82584000E+14
768.59,4.83148000E+14
768.60,4.83286000E+14
768.61,4.83139000E+14
768.62,4.83047000E+14
768.63,4.83200000E+14
768.64,4.83512000E+14
768.65,4.83796000E+14
768.66,4.83957000E+14
768.67,4.83978000E+14
768.68,4.83823000E+14
768.69,4.83377000E+14
768.70,4.82499000E+14
768.71,4.81235000E+14
768.72,4.80039000E+14
768.73,4.79570000E+14
768.74,4.80075000E+14
768.75,4.81138000E+14
768.76,4.82144000E+14
768.77,4.82771000E+14
768.78,4.82952000E+14
768.79,4.82615000E+14
768.80,4.81673000E+14
768.81,4.80341000E+14
768.82,4.79308000E+14
768.83,4.79275000E+14
768.84,4.80237000E+14
768.85,4.81493000E+14
768.86,4.82356000E+14
768.87,4.82657000E+14
768.88,4.82627000E+14
768.89,4.82553000E+14
768.90,4.82566000E+14
768.91,4.82630000E+14
768.92,4.82605000E+14
768.93,4.82298000E+14
768.94,4.81587000E+14
768.95,4.80591000E+14
768.96,4.79691000E+14
768.97,4.79274000E+14
768.98,4.79418000E+14
768.99,4.79806000E+14
769.00,4.79887000E+14
769.01,4.79066000E+14
769.02,4.76823000E+14
769.03,4.73032000E+14
769.04,4.68651000E+14
769.05,4.65815000E+14
769.06,4.66179000E+14
769.07,4.68787000E+14
769.08,4.70305000E+14
769.09,4.67870000E+14
769.10,4.62100000E+14
769.11,4.57500000E+14
769.12,4.58645000E+14
769.13,4.65385000E+14
769.14,4.73318000E+14
769.15,4.78733000E+14
769.16,4.81162000E+14
769.17,4.81882000E+14
769.18,4.81947000E+14
769.19,4.81690000E+14
769.20,4.81100000E+14
769.21,4.80300000E+14
769.22,4.79705000E+14
769.23,4.79671000E+14
769.24,4.80082000E+14
769.25,4.80455000E+14
769.26,4.80420000E+14
769.27,4.79895000E+14
769.28,4.78890000E+14
769.29,4.77432000E+14
769.30,4.75597000E+14
769.31,4.73082000E+14
769.32,4.68331000E+14
769.33,4.58185000E+14
769.34,4.39538000E+14
769.35,4.13723000E+14
769.36,3.90008000E+14
769.37,3.81076000E+14
769.38,3.91720000E+14
769.39,4.14234000E+14
769.40,4.36738000E+14
769.41,4.52977000E+14
769.42,4.63138000E+14
769.43,4.69350000E+14
769.44,4.73066000E+14
769.45,4.75210000E+14
769.46,4.76602000E+14
769.47,4.77775000E+14
769.48,4.78825000E+14
769.49,4.79633000E+14
769.50,4.80105000E+14
769.51,4.80246000E+14
769.52,4.80141000E+14
769.53,4.79938000E+14
769.54,4.79802000E+14
769.55,4.79833000E+14
769.56,4.79964000E+14
769.57,4.80001000E+14
769.58,4.79882000E+14
769.59,4.79834000E+14
769.60,4.80117000E+14
769.61,4.80709000E+14
769.62,4.81364000E+14
769.63,4.81862000E+14
769.64,4.82133000E+14
769.65,4.82207000E+14
769.66,4.82129000E+14
769.67,4.81928000E+14
769.68,4.81651000E+14
769.69,4.81392000E+14
769.70,4.81233000E+14
769.71,4.81135000E+14
769.72,4.80866000E+14
769.73,4.79981000E+14
769.74,4.77833000E+14
769.75,4.73950000E+14
769.76,4.68987000E+14
769.77,4.65166000E+14
769.78,4.64791000E+14
769.79,4.67968000E+14
769.80,4.72558000E+14
769.81,4.76357000E+14
769.82,4.78602000E+14
769.83,4.79612000E+14
769.84,4.79865000E+14
769.85,4.79509000E+14
769.86,4.78381000E+14
769.87,4.76518000E+14
769.88,4.74772000E+14
769.89,4.74428000E+14
769.90,4.75896000E+14
769.91,4.78240000E+14
769.92,4.80245000E+14
769.93,4.81424000E+14
769.94,4.81915000E+14
769.95,4.82001000E+14
769.96,4.81906000E+14
769.97,4.81780000E+14
769.98,4.81693000E+14
769.99,4.81642000E+14
770.00,4.81574000E+14
770.01,4.81462000E+14
770.02,4.81355000E+14
770.03,4.81268000E+14
770.04,4.80969000E+14
770.05,4.79652000E+14
770.06,4.75008000E+14
770.07,4.61732000E+14
770.08,4.32416000E+14
770.09,3.85758000E+14
770.10,3.37822000E+14
770.11,3.17266000E+14
770.12,3.38920000E+14
770.13,3.87152000E+14
770.14,4.33226000E+14
770.15,4.61598000E+14
770.16,4.74099000E+14
770.17,4.78408000E+14
770.18,4.79898000E+14
770.19,4.80733000E+14
770.20,4.81377000E+14
770.21,4.81763000E+14
770.22,4.81835000E+14
770.23,4.81664000E+14
770.24,4.81392000E+14
770.25,4.81150000E+14
770.26,4.81029000E+14
770.27,4.81062000E+14
770.28,4.81212000E+14
770.29,4.81399000E+14
770.30,4.81585000E+14
770.31,4.81795000E+14
770.32,4.82032000E+14
770.33,4.82233000E+14
770.34,4.82344000E+14
770.35,4.82368000E+14
770.36,4.82323000E+14
770.37,4.82192000E+14
770.38,4.81978000E+14
770.39,4.81792000E+14
770.40,4.81784000E+14
770.41,4.81967000E+14
770.42,4.82194000E+14
770.43,4.82296000E+14
770.44,4.82169000E+14
770.45,4.81764000E+14
770.46,4.81117000E+14
770.47,4.80358000E+14
770.48,4.79640000E+14
770.49,4.79110000E+14
770.50,4.78980000E+14
770.51,4.79373000E+14
770.52,4.80080000E+14
770.53,4.80700000E+14
770.54,4.81042000E+14
770.55,4.81236000E+14
770.56,4.81478000E+14
770.57,4.81823000E+14
770.58,4.82191000E+14
770.59,4.82459000E+14
770.60,4.82536000E+14
770.61,4.82436000E+14
770.62,4.82286000E+14
770.63,4.82217000E+14
770.64,4.82238000E+14
770.65,4.82226000E+14
770.66,4.82034000E+14
770.67,4.81608000E+14
770.68,4.81074000E+14
770.69,4.80699000E+14
770.70,4.80699000E+14
770.71,4.81055000E+14
770.72,4.81540000E+14
770.73,4.81869000E+14
770.74,4.81817000E+14
770.75,4.81289000E+14
770.76,4.80389000E+14
770.77,4.79456000E+14
770.78,4.78913000E+14
770.79,4.78961000E+14
770.80,4.79401000E+14
770.81,4.79819000E+14
770.82,4.79952000E+14
770.83,4.79876000E+14
770.84,4.79889000E+14
770.85,4.80198000E+14
770.86,4.80715000E+14
770.87,4.81161000E+14
770.88,4.81346000E+14
770.89,4.81291000E+14
770.90,4.81096000E+14
770.91,4.80776000E+14
770.92,4.80293000E+14
770.93,4.79723000E+14
770.94,4.79305000E+14
770.95,4.79235000E+14
770.96,4.79467000E+14
770.97,4.79756000E+14
770.98,4.79903000E+14
770.99,4.79967000E+14
771.00,4.80196000E+14
771.01,4.80692000E+14
771.02,4.81254000E+14
771.03,4.81603000E+14
771.04,4.81622000E+14
771.05,4.81378000E+14
771.06,4.81039000E+14
771.07,4.80774000E+14
771.08,4.80622000E+14
771.09,4.80453000E+14
771.10,4.80121000E+14
771.11,4.79676000E+14
771.12,4.79346000E+14
771.13,4.79254000E+14
771.14,4.79232000E+14
771.15,4.78957000E+14
771.16,4.78246000E+14
771.17,4.77308000E+14
771.18,4.76643000E+14
771.19,4.76305000E+14
771.20,4.75053000E+14
771.21,4.70085000E+14
771.22,4.57930000E+14
771.23,4.37982000E+14
771.24,4.17392000E+14
771.25,4.09007000E+14
771.26,4.19266000E+14
771.27,4.40711000E+14
771.28,4.60501000E+14
771.29,4.72363000E+14
771.30,4.77659000E+14
771.31,4.79711000E+14
771.32,4.80430000E+14
771.33,4.80220000E+14
771.34,4.78348000E+14
771.35,4.72864000E+14
771.36,4.61664000E+14
771.37,4.46134000E+14
771.38,4.33822000E+14
771.39,4.33400000E+14
771.40,4.45298000E+14
771.41,4.61067000E+14
771.42,4.72483000E+14
771.43,4.77514000E+14
771.44,4.78163000E+14
771.45,4.76520000E+14
771.46,4.73701000E+14
771.47,4.70852000E+14
771.48,4.69603000E+14
771.49,4.70886000E+14
771.50,4.73924000E+14
771.51,4.77083000E+14
771.52,4.79315000E+14
771.53,4.80486000E+14
771.54,4.80869000E+14
771.55,4.80784000E+14
771.56,4.80516000E+14
771.57,4.80256000E+14
771.58,4.79846000E+14
771.59,4.78285000E+14
771.60,4.72799000E+14
771.61,4.58461000E+14
771.62,4.31609000E+14
771.63,3.97741000E+14
771.64,3.73858000E+14
771.65,3.75155000E+14
771.66,3.99036000E+14
771.67,4.28924000E+14
771.68,4.51622000E+14
771.69,4.64534000E+14
771.70,4.70064000E+14
771.71,4.70303000E+14
771.72,4.66729000E+14
771.73,4.60831000E+14
771.74,4.52757000E+14
771.75,4.41321000E+14
771.76,4.28817000E+14
771.77,4.23428000E+14
771.78,4.31322000E+14
771.79,4.48406000E+14
771.80,4.64811000E+14
771.81,4.74825000E+14
771.82,4.79081000E+14
771.83,4.80388000E+14
771.84,4.80667000E+14
771.85,4.80675000E+14
771.86,4.80611000E+14
771.87,4.80498000E+14
771.88,4.80327000E+14
771.89,4.80111000E+14
771.90,4.79923000E+14
771.91,4.79871000E+14
771.92,4.80002000E+14
771.93,4.80199000E+14
771.94,4.80256000E+14
771.95,4.80061000E+14
771.96,4.79709000E+14
771.97,4.79448000E+14
771.98,4.79471000E+14
771.99,4.79732000E+14
772.00,4.80001000E+14
772.01,4.80134000E+14
772.02,4.80184000E+14
772.03,4.80254000E+14
772.04,4.80345000E+14
772.05,4.80362000E+14
772.06,4.80120000E+14
772.07,4.79153000E+14
772.08,4.76376000E+14
772.09,4.70324000E+14
772.10,4.60967000E+14
772.11,4.51972000E+14
772.12,4.49134000E+14
772.13,4.54549000E+14
772.14,4.64110000E+14
772.15,4.72177000E+14
772.16,4.76555000E+14
772.17,4.78242000E+14
772.18,4.78794000E+14
772.19,4.79001000E+14
772.20,4.79005000E+14
772.21,4.78771000E+14
772.22,4.78359000E+14
772.23,4.77943000E+14
772.24,4.77574000E+14
772.25,4.76884000E+14
772.26,4.75274000E+14
772.27,4.72777000E+14
772.28,4.70655000E+14
772.29,4.70473000E+14
772.30,4.72406000E+14
772.31,4.75079000E+14
772.32,4.77109000E+14
772.33,4.78133000E+14
772.34,4.78471000E+14
772.35,4.78477000E+14
772.36,4.78334000E+14
772.37,4.78102000E+14
772.38,4.77772000E+14
772.39,4.77308000E+14
772.40,4.76727000E+14
772.41,4.76071000E+14
772.42,4.75239000E+14
772.43,4.73874000E+14
772.44,4.71527000E+14
772.45,4.68068000E+14
772.46,4.64132000E+14
772.47,4.61053000E+14
772.48,4.59838000E+14
772.49,4.59737000E+14
772.50,4.57815000E+14
772.51,4.50842000E+14
772.52,4.39560000E+14
772.53,4.31000000E+14
772.54,4.32900000E+14
772.55,4.44967000E+14
772.56,4.59416000E+14
772.57,4.69654000E+14
772.58,4.74705000E+14
772.59,4.76583000E+14
772.60,4.77123000E+14
772.61,4.77269000E+14
772.62,4.77426000E+14
772.63,4.77690000E+14
772.64,4.78013000E+14
772.65,4.78337000E+14
772.66,4.78590000E+14
772.67,4.78657000E+14
772.68,4.78425000E+14
772.69,4.77817000E+14
772.70,4.76772000E+14
772.71,4.75378000E+14
772.72,4.74105000E+14
772.73,4.73640000E+14
772.74,4.74233000E+14
772.75,4.75361000E+14
772.76,4.76288000E+14
772.77,4.76722000E+14
772.78,4.76746000E+14
772.79,4.76531000E+14
772.80,4.76364000E+14
772.81,4.76602000E+14
772.82,4.77320000E+14
772.83,4.78210000E+14
772.84,4.78872000E+14
772.85,4.79083000E+14
772.86,4.78844000E+14
772.87,4.78327000E+14
772.88,4.77814000E+14
772.89,4.77553000E+14
772.90,4.77553000E+14
772.91,4.77445000E+14
772.92,4.76272000E+14
772.93,4.71827000E+14
772.94,4.60098000E+14
772.95,4.37635000E+14
772.96,4.08257000E+14
772.97,3.86475000E+14
772.98,3.87102000E+14
772.99,4.09525000E+14
773.00,4.38450000E+14
773.01,4.60035000E+14
773.02,4.71292000E+14
773.03,4.75891000E+14
773.04,4.77603000E+14
773.05,4.78307000E+14
773.06,4.78687000E+14
773.07,4.78966000E+14
773.08,4.79194000E+14
773.09,4.79361000E+14
773.10,4.79445000E+14
773.11,4.79421000E+14
773.12,4.79247000E+14
773.13,4.78894000E+14
773.14,4.78412000E+14
773.15,4.77982000E+14
773.16,4.77811000E+14
773.17,4.77906000E+14
773.18,4.78008000E+14
773.19,4.77867000E+14
773.20,4.77551000E+14
773.21,4.77407000E+14
773.22,4.77666000E+14
773.23,4.78185000E+14
773.24,4.78631000E+14
773.25,4.78810000E+14
773.26,4.78742000E+14
773.27,4.78499000E+14
773.28,4.78106000E+14
773.29,4.77561000E+14
773.30,4.76961000E+14
773.31,4.76545000E+14
773.32,4.76496000E+14
773.33,4.76694000E+14
773.34,4.76821000E+14
773.35,4.76672000E+14
773.36,4.76258000E+14
773.37,4.75690000E+14
773.38,4.75095000E+14
773.39,4.74491000E+14
773.40,4.73686000E+14
773.41,4.72441000E+14
773.42,4.70777000E+14
773.43,4.69080000E+14
773.44,4.67886000E+14
773.45,4.67540000E+14
773.46,4.67994000E+14
773.47,4.68915000E+14
773.48,4.69899000E+14
773.49,4.70634000E+14
773.50,4.71014000E+14
773.51,4.71233000E+14
773.52,4.71696000E+14
773.53,4.72658000E+14
773.54,4.73751000E+14
773.55,4.73955000E+14
773.56,4.72287000E+14
773.57,4.68929000E+14
773.58,4.65824000E+14
773.59,4.65305000E+14
773.60,4.67635000E+14
773.61,4.70793000E+14
773.62,4.72921000E+14
773.63,4.73881000E+14
773.64,4.74467000E+14
773.65,4.75200000E+14
773.66,4.76069000E+14
773.67,4.76813000E+14
773.68,4.77229000E+14
773.69,4.77353000E+14
773.70,4.77417000E+14
773.71,4.77595000E+14
773.72,4.77833000E+14
773.73,4.77928000E+14
773.74,4.77733000E+14
773.75,4.77273000E+14
773.76,4.76696000E+14
773.77,4.76074000E+14
773.78,4.75305000E+14
773.79,4.74321000E+14
773.80,4.73450000E+14
773.81,4.73314000E+14
773.82,4.74182000E+14
773.83,4.75623000E+14
773.84,4.76934000E+14
773.85,4.77720000E+14
773.86,4.77982000E+14
773.87,4.77913000E+14
773.88,4.77749000E+14
773.89,4.77657000E+14
773.90,4.77654000E+14
773.91,4.77669000E+14
773.92,4.77704000E+14
773.93,4.77791000E+14
773.94,4.77802000E+14
773.95,4.77439000E+14
773.96,4.76547000E+14
773.97,4.75472000E+14
773.98,4.74937000E+14
773.99,4.75365000E+14
774.00,4.76436000E+14
774.01,4.77509000E+14
774.02,4.78209000E+14
774.03,4.78481000E+14
774.04,4.78373000E+14
774.05,4.77993000E+14
774.06,4.77576000E+14
774.07,4.77390000E+14
774.08,4.77484000E+14
774.09,4.77635000E+14
774.10,4.77632000E+14
774.11,4.77499000E+14
774.12,4.77366000E+14
774.13,4.77269000E+14
774.14,4.77208000E+14
774.15,4.77258000E+14
774.16,4.77469000E+14
774.17,4.77761000E+14
774.18,4.78016000E+14
774.19,4.78161000E+14
774.20,4.78151000E+14
774.21,4.78006000E+14
774.22,4.77840000E+14
774.23,4.77760000E+14
774.24,4.77740000E+14
774.25,4.77682000E+14
774.26,4.77584000E+14
774.27,4.77552000E+14
774.28,4.77646000E+14
774.29,4.77790000E+14
774.30,4.77859000E+14
774.31,4.77782000E+14
774.32,4.77530000E+14
774.33,4.77027000E+14
774.34,4.76129000E+14
774.35,4.74828000E+14
774.36,4.73509000E+14
774.37,4.72788000E+14
774.38,4.72931000E+14
774.39,4.73555000E+14
774.40,4.73988000E+14
774.41,4.73737000E+14
774.42,4.72518000E+14
774.43,4.69767000E+14
774.44,4.63826000E+14
774.45,4.51652000E+14
774.46,4.30863000E+14
774.47,4.04578000E+14
774.48,3.83921000E+14
774.49,3.81039000E+14
774.50,3.97395000E+14
774.51,4.22328000E+14
774.52,4.43886000E+14
774.53,4.57525000E+14
774.54,4.64974000E+14
774.55,4.69164000E+14
774.56,4.71677000E+14
774.57,4.73017000E+14
774.58,4.73529000E+14
774.59,4.73722000E+14
774.60,4.74035000E+14
774.61,4.74566000E+14
774.62,4.75154000E+14
774.63,4.75667000E+14
774.64,4.76100000E+14
774.65,4.76487000E+14
774.66,4.76805000E+14
774.67,4.76971000E+14
774.68,4.76910000E+14
774.69,4.76621000E+14
774.70,4.76169000E+14
774.71,4.75555000E+14
774.72,4.74449000E+14
774.73,4.71940000E+14
774.74,4.66928000E+14
774.75,4.59837000E+14
774.76,4.54036000E+14
774.77,4.53608000E+14
774.78,4.58880000E+14
774.79,4.66061000E+14
774.80,4.71527000E+14
774.81,4.74485000E+14
774.82,4.75703000E+14
774.83,4.75518000E+14
774.84,4.73318000E+14
774.85,4.68421000E+14
774.86,4.61893000E+14
774.87,4.57294000E+14
774.88,4.57959000E+14
774.89,4.63328000E+14
774.90,4.69639000E+14
774.91,4.73947000E+14
774.92,4.75935000E+14
774.93,4.76558000E+14
774.94,4.76549000E+14
774.95,4.76186000E+14
774.96,4.75653000E+14
774.97,4.75170000E+14
774.98,4.74615000E+14
774.99,4.72731000E+14
775.00,4.66245000E+14
775.01,4.50154000E+14
775.02,4.22084000E+14
775.03,3.89927000E+14
775.04,3.71580000E+14
775.05,3.78966000E+14
775.06,4.03040000E+14
775.07,4.21123000E+14
775.08,4.18171000E+14
775.09,3.99249000E+14
775.10,3.84353000E+14
775.11,3.90026000E+14
775.12,4.14303000E+14
775.13,4.41876000E+14
775.14,4.60924000E+14
775.15,4.70117000E+14
775.16,4.73407000E+14
775.17,4.74254000E+14
775.18,4.74283000E+14
775.19,4.74085000E+14
775.20,4.73962000E+14
775.21,4.74135000E+14
775.22,4.74646000E+14
775.23,4.75314000E+14
775.24,4.75906000E+14
775.25,4.76297000E+14
775.26,4.76434000E+14
775.27,4.76059000E+14
775.28,4.74192000E+14
775.29,4.68724000E+14
775.30,4.57481000E+14
775.31,4.41895000E+14
775.32,4.29507000E+14
775.33,4.28848000E+14
775.34,4.40339000E+14
775.35,4.55866000E+14
775.36,4.67607000E+14
775.37,4.73680000E+14
775.38,4.76037000E+14
775.39,4.76768000E+14
775.40,4.76877000E+14
775.41,4.76660000E+14
775.42,4.76209000E+14
775.43,4.75676000E+14
775.44,4.75299000E+14
775.45,4.75231000E+14
775.46,4.75430000E+14
775.47,4.75739000E+14
775.48,4.75995000E+14
775.49,4.76063000E+14
775.50,4.75845000E+14
775.51,4.75297000E+14
775.52,4.74494000E+14
775.53,4.73707000E+14
775.54,4.73287000E+14
775.55,4.73367000E+14
775.56,4.73721000E+14
775.57,4.74006000E+14
775.58,4.74094000E+14
775.59,4.74132000E+14
775.60,4.74319000E+14
775.61,4.74668000E+14
775.62,4.75013000E+14
775.63,4.75188000E+14
775.64,4.75141000E+14
775.65,4.74944000E+14
775.66,4.74730000E+14
775.67,4.74602000E+14
775.68,4.74498000E+14
775.69,4.74180000E+14
775.70,4.73383000E+14
775.71,4.72032000E+14
775.72,4.70346000E+14
775.73,4.68805000E+14
775.74,4.67929000E+14
775.75,4.67935000E+14
775.76,4.68629000E+14
775.77,4.69697000E+14
775.78,4.70932000E+14
775.79,4.72152000E+14
775.80,4.73151000E+14
775.81,4.73838000E+14
775.82,4.74286000E+14
775.83,4.74620000E+14
775.84,4.74889000E+14
775.85,4.75062000E+14
775.86,4.75118000E+14
775.87,4.75120000E+14
775.88,4.75157000E+14
775.89,4.75249000E+14
775.90,4.75362000E+14
775.91,4.75484000E+14
775.92,4.75618000E+14
775.93,4.75719000E+14
775.94,4.75696000E+14
775.95,4.75516000E+14
775.96,4.75258000E+14
775.97,4.75064000E+14
775.98,4.75008000E+14
775.99,4.75022000E+14
776.00,4.74973000E+14
776.01,4.74809000E+14
776.02,4.74625000E+14
776.03,4.74555000E+14
776.04,4.74619000E+14
776.05,4.74696000E+14
776.06,4.74634000E+14
776.07,4.74340000E+14
776.08,4.73823000E+14
776.09,4.73165000E+14
776.10,4.72351000E+14
776.11,4.71076000E+14
776.12,4.68906000E+14
776.13,4.65889000E+14
776.14,4.62978000E+14
776.15,4.61497000E+14
776.16,4.62019000E+14
776.17,4.63981000E+14
776.18,4.66358000E+14
776.19,4.68410000E+14
776.20,4.69837000E+14
776.21,4.70597000E+14
776.22,4.70720000E+14
776.23,4.70128000E+14
776.24,4.68497000E+14
776.25,4.65406000E+14
776.26,4.61039000E+14
776.27,4.56997000E+14
776.28,4.55686000E+14
776.29,4.58083000E+14
776.30,4.62582000E+14
776.31,4.66705000E+14
776.32,4.69316000E+14
776.33,4.70741000E+14
776.34,4.71629000E+14
776.35,4.72304000E+14
776.36,4.72830000E+14
776.37,4.73255000E+14
776.38,4.73661000E+14
776.39,4.74058000E+14
776.40,4.74371000E+14
776.41,4.74574000E+14
776.42,4.74729000E+14
776.43,4.74896000E+14
776.44,4.75053000E+14
776.45,4.75143000E+14
776.46,4.75161000E+14
776.47,4.75151000E+14
776.48,4.75141000E+14
776.49,4.75098000E+14
776.50,4.74966000E+14
776.51,4.74753000E+14
776.52,4.74539000E+14
776.53,4.74391000E+14
776.54,4.74329000E+14
776.55,4.74358000E+14
776.56,4.74468000E+14
776.57,4.74604000E+14
776.58,4.74689000E+14
776.59,4.74693000E+14
776.60,4.74668000E+14
776.61,4.74673000E+14
776.62,4.74660000E+14
776.63,4.74416000E+14
776.64,4.73652000E+14
776.65,4.72251000E+14
776.66,4.70525000E+14
776.67,4.69235000E+14
776.68,4.69166000E+14
776.69,4.70408000E+14
776.70,4.72157000E+14
776.71,4.73411000E+14
776.72,4.73751000E+14
776.73,4.73441000E+14
776.74,4.73016000E+14
776.75,4.72849000E+14
776.76,4.73012000E+14
776.77,4.73364000E+14
776.78,4.73723000E+14
776.79,4.74018000E+14
776.80,4.74314000E+14
776.81,4.74638000E+14
776.82,4.74899000E+14
776.83,4.75016000E+14
776.84,4.75011000E+14
776.85,4.74933000E+14
776.86,4.74798000E+14
776.87,4.74651000E+14
776.88,4.74603000E+14
776.89,4.74721000E+14
776.90,4.74944000E+14
776.91,4.75136000E+14
776.92,4.75194000E+14
776.93,4.75071000E+14
776.94,4.74795000E+14
776.95,4.74500000E+14
776.96,4.74382000E+14
776.97,4.74519000E+14
776.98,4.74790000E+14
776.99,4.74996000E+14
777.00,4.75020000E+14
777.01,4.74850000E+14
777.02,4.74530000E+14
777.03,4.74154000E+14
777.04,4.73866000E+14
777.05,4.73771000E+14
777.06,4.73869000E+14
777.07,4.74098000E+14
777.08,4.74389000E+14
777.09,4.74649000E+14
777.10,4.74774000E+14
777.11,4.74733000E+14
777.12,4.74624000E+14
777.13,4.74583000E+14
777.14,4.74593000E+14
777.15,4.74503000E+14
777.16,4.74270000E+14
777.17,4.74088000E+14
777.18,4.74167000E+14
777.19,4.74463000E+14
777.20,4.74726000E+14
777.21,4.74753000E+14
777.22,4.74537000E+14
777.23,4.74245000E+14
777.24,4.74089000E+14
777.25,4.74157000E+14
777.26,4.74315000E+14
777.27,4.74344000E+14
777.28,4.74186000E+14
777.29,4.73993000E+14
777.30,4.73923000E+14
777.31,4.73966000E+14
777.32,4.73983000E+14
777.33,4.73839000E+14
777.34,4.73421000E+14
777.35,4.72431000E+14
777.36,4.69885000E+14
777.37,4.63623000E+14
777.38,4.51017000E+14
777.39,4.32171000E+14
777.40,4.13527000E+14
777.41,4.05653000E+14
777.42,4.13979000E+14
777.43,4.32929000E+14
777.44,4.51643000E+14
777.45,4.63522000E+14
777.46,4.68679000E+14
777.47,4.70178000E+14
777.48,4.70517000E+14
777.49,4.70743000E+14
777.50,4.71075000E+14
777.51,4.71576000E+14
777.52,4.72266000E+14
777.53,4.72986000E+14
777.54,4.73508000E+14
777.55,4.73743000E+14
777.56,4.73714000E+14
777.57,4.73271000E+14
777.58,4.71693000E+14
777.59,4.67251000E+14
777.60,4.57488000E+14
777.61,4.41619000E+14
777.62,4.24174000E+14
777.63,4.14475000E+14
777.64,4.19007000E+14
777.65,4.34663000E+14
777.66,4.52045000E+14
777.67,4.64224000E+14
777.68,4.70246000E+14
777.69,4.72252000E+14
777.70,4.71995000E+14
777.71,4.69454000E+14
777.72,4.63051000E+14
777.73,4.51541000E+14
777.74,4.37361000E+14
777.75,4.27591000E+14
777.76,4.28718000E+14
777.77,4.39963000E+14
777.78,4.54136000E+14
777.79,4.64803000E+14
777.80,4.70454000E+14
777.81,4.72762000E+14
777.82,4.73569000E+14
777.83,4.73796000E+14
777.84,4.73724000E+14
777.85,4.73429000E+14
777.86,4.72978000E+14
777.87,4.72489000E+14
777.88,4.72114000E+14
777.89,4.71911000E+14
777.90,4.71730000E+14
777.91,4.71394000E+14
777.92,4.71024000E+14
777.93,4.70952000E+14
777.94,4.71302000E+14
777.95,4.71833000E+14
777.96,4.72260000E+14
777.97,4.72504000E+14
777.98,4.72579000E+14
777.99,4.72477000E+14
778.00,4.72302000E+14
