wavelength_nm,irradiance
753.00,4.87640000E+14
753.01,4.85749000E+14
753.02,4.84178000E+14
753.03,4.83812000E+14
753.04,4.84731000E+14
753.05,4.86290000E+14
753.06,4.87776000E+14
753.07,4.88783000E+14
753.08,4.89260000E+14
753.09,4.89435000E+14
753.10,4.89590000E+14
753.11,4.89813000E+14
753.12,4.89920000E+14
753.13,4.89649000E+14
753.14,4.89017000E+14
753.15,4.88476000E+14
753.16,4.88538000E+14
753.17,4.89220000E+14
753.18,4.90052000E+14
753.19,4.90595000E+14
753.20,4.90753000E+14
753.21,4.90620000E+14
753.22,4.90243000E+14
753.23,4.89618000E+14
753.24,4.88824000E+14
753.25,4.88004000E+14
753.26,4.86989000E+14
753.27,4.84719000E+14
753.28,4.78602000E+14
753.29,4.64523000E+14
753.30,4.40004000E+14
753.31,4.10877000E+14
753.32,3.92596000E+14
753.33,3.97706000E+14
753.34,4.21870000E+14
753.35,4.48309000E+14
753.36,4.64407000E+14
753.37,4.69340000E+14
753.38,4.69289000E+14
753.39,4.70232000E+14
753.40,4.74132000E+14
753.41,4.79386000E+14
753.42,4.83806000E+14
753.43,4.86619000E+14
753.44,4.88137000E+14
753.45,4.88824000E+14
753.46,4.89035000E+14
753.47,4.89096000E+14
753.48,4.89216000E+14
753.49,4.89293000E+14
753.50,4.88747000E+14
753.51,4.86533000E+14
753.52,4.81814000E+14
753.53,4.75484000E+14
753.54,4.70847000E+14
753.55,4.71219000E+14
753.56,4.76388000E+14
753.57,4.82846000E+14
753.58,4.87479000E+14
753.59,4.89649000E+14
753.60,4.90173000E+14
753.61,4.89840000E+14
753.62,4.89073000E+14
753.63,4.88221000E+14
753.64,4.87633000E+14
753.65,4.87392000E+14
753.66,4.87293000E+14
753.67,4.87177000E+14
753.68,4.87095000E+14
753.69,4.87229000E+14
753.70,4.87748000E+14
753.71,4.88613000E+14
753.72,4.89523000E+14
753.73,4.90159000E+14
753.74,4.90406000E+14
753.75,4.90343000E+14
753.76,4.90149000E+14
753.77,4.90027000E+14
753.78,4.90078000E+14
753.79,4.90250000E+14
753.80,4.90396000E+14
753.81,4.90362000E+14
753.82,4.90088000E+14
753.83,4.89735000E+14
753.84,4.89590000E+14
753.85,4.89709000E+14
753.86,4.89837000E+14
753.87,4.89764000E+14
753.88,4.89585000E+14
753.89,4.89501000E+14
753.90,4.89519000E+14
753.91,4.89411000E+14
753.92,4.88851000E+14
753.93,4.87635000E+14
753.94,4.86040000E+14
753.95,4.84903000E+14
753.96,4.84963000E+14
753.97,4.86054000E+14
753.98,4.87225000E+14
753.99,4.87727000E+14
754.00,4.87602000E+14
754.01,4.87332000E+14
754.02,4.87306000E+14
754.03,4.87684000E+14
754.04,4.88407000E+14
754.05,4.89221000E+14
754.06,4.89855000E+14
754.07,4.90208000E+14
754.08,4.90296000E+14
754.09,4.90140000E+14
754.10,4.89752000E+14
754.11,4.89186000E+14
754.12,4.88554000E+14
754.13,4.87968000E+14
754.14,4.87513000E+14
754.15,4.87342000E+14
754.16,4.87655000E+14
754.17,4.88426000E+14
754.18,4.89264000E+14
754.19,4.89734000E+14
754.20,4.89703000E+14
754.21,4.89124000E+14
754.22,4.87532000E+14
754.23,4.84346000E+14
754.24,4.80252000E+14
754.25,4.77689000E+14
754.26,4.78649000E+14
754.27,4.82353000E+14
754.28,4.86268000E+14
754.29,4.88752000E+14
754.30,4.89786000E+14
754.31,4.89962000E+14
754.32,4.89649000E+14
754.33,4.88860000E+14
754.34,4.87519000E+14
754.35,4.85802000E+14
754.36,4.84085000E+14
754.37,4.82319000E+14
754.38,4.80011000E+14
754.39,4.77567000E+14
754.40,4.76832000E+14
754.41,4.79049000E+14
754.42,4.83033000E+14
754.43,4.86490000E+14
754.44,4.88313000E+14
754.45,4.88911000E+14
754.46,4.89094000E+14
754.47,4.89253000E+14
754.48,4.89314000E+14
754.49,4.89109000E+14
754.50,4.88673000E+14
754.51,4.88222000E+14
754.52,4.87902000E+14
754.53,4.87625000E+14
754.54,4.87289000E+14
754.55,4.87029000E+14
754.56,4.87050000E+14
754.57,4.87314000E+14
754.58,4.87594000E+14
754.59,4.87740000E+14
754.60,4.87791000E+14
754.61,4.87869000E+14
754.62,4.88045000E+14
754.63,4.88288000E+14
754.64,4.88528000E+14
754.65,4.88727000E+14
754.66,4.88888000E+14
754.67,4.89013000E+14
754.68,4.89058000E+14
754.69,4.88952000E+14
754.70,4.88677000E+14
754.71,4.88352000E+14
754.72,4.88128000E+14
754.73,4.87907000E+14
754.74,4.87262000E+14
754.75,4.85862000E+14
754.76,4.84015000E+14
754.77,4.82463000E+14
754.78,4.81098000E+14
754.79,4.77852000E+14
754.80,4.69818000E+14
754.81,4.57199000E+14
754.82,4.46286000E+14
754.83,4.45218000E+14
754.84,4.55056000E+14
754.85,4.68415000E+14
754.86,4.77846000E+14
754.87,4.81870000E+14
754.88,4.82853000E+14
754.89,4.82882000E+14
754.90,4.82697000E+14
754.91,4.82507000E+14
754.92,4.82446000E+14
754.93,4.82550000E+14
754.94,4.82751000E+14
754.95,4.82744000E+14
754.96,4.81640000E+14
754.97,4.78138000E+14
754.98,4.72012000E+14
754.99,4.65919000E+14
755.00,4.64259000E+14
755.01,4.68728000E+14
755.02,4.76296000E+14
755.03,4.82715000E+14
755.04,4.86348000E+14
755.05,4.87970000E+14
755.06,4.88709000E+14
755.07,4.89092000E+14
755.08,4.89221000E+14
755.09,4.89074000E+14
755.10,4.88672000E+14
755.11,4.88227000E+14
755.12,4.88091000E+14
755.13,4.88417000E+14
755.14,4.88942000E+14
755.15,4.89283000E+14
755.16,4.89307000E+14
755.17,4.89129000E+14
755.18,4.88910000E+14
755.19,4.88748000E+14
755.20,4.88665000E+14
755.21,4.88663000E+14
755.22,4.88812000E+14
755.23,4.89175000E+14
755.24,4.89629000E+14
755.25,4.89913000E+14
755.26,4.89800000E+14
755.27,4.89142000E+14
755.28,4.87758000E+14
755.29,4.85344000E+14
755.30,4.81874000E+14
755.31,4.78515000E+14
755.32,4.77424000E+14
755.33,4.79614000E+14
755.34,4.83627000E+14
755.35,4.87145000E+14
755.36,4.89130000E+14
755.37,4.89934000E+14
755.38,4.90204000E+14
755.39,4.90263000E+14
755.40,4.90166000E+14
755.41,4.89841000E+14
755.42,4.88985000E+14
755.43,4.87067000E+14
755.44,4.83964000E+14
755.45,4.80769000E+14
755.46,4.79232000E+14
755.47,4.79919000E+14
755.48,4.81810000E+14
755.49,4.83892000E+14
755.50,4.85950000E+14
755.51,4.87797000E+14
755.52,4.88950000E+14
755.53,4.89201000E+14
755.54,4.88905000E+14
755.55,4.88614000E+14
755.56,4.88508000E+14
755.57,4.88169000E+14
755.58,4.87024000E+14
755.59,4.85119000E+14
755.60,4.83394000E+14
755.61,4.82893000E+14
755.62,4.83745000E+14
755.63,4.85193000E+14
755.64,4.86378000E+14
755.65,4.86647000E+14
755.66,4.85351000E+14
755.67,4.82111000E+14
755.68,4.77917000E+14
755.69,4.75345000E+14
755.70,4.76258000E+14
755.71,4.79301000E+14
755.72,4.80337000E+14
755.73,4.74325000E+14
755.74,4.56899000E+14
755.75,4.28600000E+14
755.76,4.00575000E+14
755.77,3.90410000E+14
755.78,4.05656000E+14
755.79,4.35360000E+14
755.80,4.62291000E+14
755.81,4.78262000E+14
755.82,4.85126000E+14
755.83,4.87510000E+14
755.84,4.88400000E+14
755.85,4.88899000E+14
755.86,4.89205000E+14
755.87,4.89329000E+14
755.88,4.89350000E+14
755.89,4.89363000E+14
755.90,4.89378000E+14
755.91,4.89332000E+14
755.92,4.89128000E+14
755.93,4.88579000E+14
755.94,4.87334000E+14
755.95,4.85048000E+14
755.96,4.81918000E+14
755.97,4.79039000E+14
755.98,4.77733000E+14
755.99,4.78212000E+14
756.00,4.79356000E+14
756.01,4.80060000E+14
756.02,4.80349000E+14
756.03,4.80916000E+14
756.04,4.82064000E+14
756.05,4.83513000E+14
756.06,4.84826000E+14
756.07,4.85667000E+14
756.08,4.85950000E+14
756.09,4.85995000E+14
756.10,4.86229000E+14
756.11,4.86638000E+14
756.12,4.86689000E+14
756.13,4.85540000E+14
756.14,4.81959000E+14
756.15,4.74610000E+14
756.16,4.63902000E+14
756.17,4.53987000E+14
756.18,4.50865000E+14
756.19,4.56707000E+14
756.20,4.67435000E+14
756.21,4.77110000E+14
756.22,4.82947000E+14
756.23,4.85491000E+14
756.24,4.86211000E+14
756.25,4.86132000E+14
756.26,4.85779000E+14
756.27,4.85403000E+14
756.28,4.85086000E+14
756.29,4.84839000E+14
756.30,4.84727000E+14
756.31,4.84909000E+14
756.32,4.85484000E+14
756.33,4.86329000E+14
756.34,4.87169000E+14
756.35,4.87784000E+14
756.36,4.88089000E+14
756.37,4.88130000E+14
756.38,4.88084000E+14
756.39,4.88149000E+14
756.40,4.88371000E+14
756.41,4.88615000E+14
756.42,4.88698000E+14
756.43,4.88474000E+14
756.44,4.87886000E+14
756.45,4.87055000E+14
756.46,4.86212000E+14
756.47,4.85180000E+14
756.48,4.82952000E+14
756.49,4.78603000E+14
756.50,4.73310000E+14
756.51,4.70453000E+14
756.52,4.72286000E+14
756.53,4.77365000E+14
756.54,4.82434000E+14
756.55,4.85660000E+14
756.56,4.87198000E+14
756.57,4.87919000E+14
756.58,4.88443000E+14
756.59,4.88936000E+14
756.60,4.89302000E+14
756.61,4.89419000E+14
756.62,4.89162000E+14
756.63,4.88345000E+14
756.64,4.86965000E+14
756.65,4.85590000E+14
756.66,4.85137000E+14
756.67,4.85894000E+14
756.68,4.87128000E+14
756.69,4.87905000E+14
756.70,4.87929000E+14
756.71,4.87421000E+14
756.72,4.86644000E+14
756.73,4.85740000E+14
756.74,4.84784000E+14
756.75,4.83935000E+14
756.76,4.83602000E+14
756.77,4.84164000E+14
756.78,4.85485000E+14
756.79,4.86968000E+14
756.80,4.88070000E+14
756.81,4.88566000E+14
756.82,4.88449000E+14
756.83,4.87859000E+14
756.84,4.87133000E+14
756.85,4.86652000E+14
756.86,4.86456000E+14
756.87,4.86101000E+14
756.88,4.84991000E+14
756.89,4.82744000E+14
756.90,4.79427000E+14
756.91,4.75799000E+14
756.92,4.73273000E+14
756.93,4.73073000E+14
756.94,4.75150000E+14
756.95,4.78239000E+14
756.96,4.81123000E+14
756.97,4.83483000E+14
756.98,4.85480000E+14
756.99,4.87108000E+14
757.00,4.88245000E+14
757.01,4.88880000E+14
757.02,4.89079000E+14
757.03,4.88822000E+14
757.04,4.87806000E+14
757.05,4.84967000E+14
757.06,4.77771000E+14
757.07,4.62605000E+14
757.08,4.38896000E+14
757.09,4.15006000E+14
757.10,4.05649000E+14
757.11,4.17808000E+14
757.12,4.42462000E+14
757.13,4.64431000E+14
757.14,4.76029000E+14
757.15,4.79003000E+14
757.16,4.78729000E+14
757.17,4.79260000E+14
757.18,4.81437000E+14
757.19,4.83895000E+14
757.20,4.85478000E+14
757.21,4.86250000E+14
757.22,4.86733000E+14
757.23,4.87197000E+14
757.24,4.87695000E+14
757.25,4.88168000E+14
757.26,4.88483000E+14
757.27,4.88591000E+14
757.28,4.88639000E+14
757.29,4.88820000E+14
757.30,4.89140000E+14
757.31,4.89396000E+14
757.32,4.89345000E+14
757.33,4.88909000E+14
757.34,4.88334000E+14
757.35,4.88068000E+14
757.36,4.88290000E+14
757.37,4.88674000E+14
757.38,4.88792000E+14
757.39,4.88621000E+14
757.40,4.88486000E+14
757.41,4.88577000E+14
757.42,4.88711000E+14
757.43,4.88624000E+14
757.44,4.88359000E+14
757.45,4.88254000E+14
757.46,4.88523000E+14
757.47,4.89000000E+14
757.48,4.89323000E+14
757.49,4.89255000E+14
757.50,4.88679000E+14
757.51,4.87230000E+14
757.52,4.84069000E+14
757.53,4.78673000E+14
757.54,4.72459000E+14
757.55,4.68735000E+14
757.56,4.69313000E+14
757.57,4.71185000E+14
757.58,4.67714000E+14
757.59,4.54068000E+14
757.60,4.33586000E+14
757.61,4.18827000E+14
757.62,4.21387000E+14
757.63,4.39548000E+14
757.64,4.60851000E+14
757.65,4.75577000E+14
757.66,4.82704000E+14
757.67,4.85459000E+14
757.68,4.86522000E+14
757.69,4.87116000E+14
757.70,4.87655000E+14
757.71,4.88058000E+14
757.72,4.87913000E+14
757.73,4.86975000E+14
757.74,4.85677000E+14
757.75,4.84945000E+14
757.76,4.85330000E+14
757.77,4.86510000E+14
757.78,4.87793000E+14
757.79,4.88777000E+14
757.80,4.89415000E+14
757.81,4.89779000E+14
757.82,4.89943000E+14
757.83,4.89973000E+14
757.84,4.89930000E+14
757.85,4.89860000E+14
757.86,4.89793000E+14
757.87,4.89726000E+14
757.88,4.89632000E+14
757.89,4.89508000E+14
757.90,4.89392000E+14
757.91,4.89286000E+14
757.92,4.89128000E+14
757.93,4.88925000E+14
757.94,4.88798000E+14
757.95,4.88808000E+14
757.96,4.88857000E+14
757.97,4.88866000E+14
757.98,4.88913000E+14
757.99,4.89089000E+14
758.00,4.89328000E+14
758.01,4.89463000E+14
758.02,4.89348000E+14
758.03,4.88868000E+14
758.04,4.87951000E+14
758.05,4.86638000E+14
758.06,4.85041000E+14
758.07,4.83304000E+14
758.08,4.81870000E+14
758.09,4.81500000E+14
758.10,4.82535000E+14
758.11,4.84383000E+14
758.12,4.86097000E+14
758.13,4.87228000E+14
758.14,4.87907000E+14
758.15,4.88366000E+14
758.16,4.88655000E+14
758.17,4.88756000E+14
758.18,4.88727000E+14
758.19,4.88661000E+14
758.20,4.88585000E+14
758.21,4.88458000E+14
758.22,4.88250000E+14
758.23,4.88028000E+14
758.24,4.87914000E+14
758.25,4.87942000E+14
758.26,4.88063000E+14
758.27,4.88289000E+14
758.28,4.88659000E+14
758.29,4.89082000E+14
758.30,4.89378000E+14
758.31,4.89437000E+14
758.32,4.89260000E+14
758.33,4.88886000E+14
758.34,4.88361000E+14
758.35,4.87718000E+14
758.36,4.86963000E+14
758.37,4.86112000E+14
758.38,4.85074000E+14
758.39,4.83368000E+14
758.40,4.80494000E+14
758.41,4.77196000E+14
758.42,4.75676000E+14
758.43,4.77378000E+14
758.44,4.81164000E+14
758.45,4.84735000E+14
758.46,4.87015000E+14
758.47,4.88267000E+14
758.48,4.88877000E+14
758.49,4.88882000E+14
758.50,4.88296000E+14
758.51,4.87454000E+14
758.52,4.86881000E+14
758.53,4.86578000E+14
758.54,4.85041000E+14
758.55,4.78614000E+14
758.56,4.62499000E+14
758.57,4.35965000E+14
758.58,4.09048000E+14
758.59,3.98877000E+14
758.60,4.13030000E+14
758.61,4.40722000E+14
758.62,4.65167000E+14
758.63,4.78980000E+14
758.64,4.84669000E+14
758.65,4.86781000E+14
758.66,4.87633000E+14
758.67,4.87849000E+14
758.68,4.87750000E+14
758.69,4.87677000E+14
758.70,4.87730000E+14
758.71,4.87749000E+14
758.72,4.87543000E+14
758.73,4.87014000E+14
758.74,4.86000000E+14
758.75,4.83954000E+14
758.76,4.79384000E+14
758.77,4.69116000E+14
758.78,4.48708000E+14
758.79,4.16792000E+14
758.80,3.82143000E+14
758.81,3.63016000E+14
758.82,3.72125000E+14
758.83,4.03120000E+14
758.84,4.37504000E+14
758.85,4.62062000E+14
758.86,4.75126000E+14
758.87,4.80858000E+14
758.88,4.83307000E+14
758.89,4.84706000E+14
758.90,4.85855000E+14
758.91,4.86839000E+14
758.92,4.87568000E+14
758.93,4.87999000E+14
758.94,4.88153000E+14
758.95,4.88107000E+14
758.96,4.87985000E+14
758.97,4.87879000E+14
758.98,4.87688000E+14
758.99,4.86957000E+14
759.00,4.84715000E+14
759.01,4.79583000E+14
759.02,4.71080000E+14
759.03,4.61885000E+14
759.04,4.57415000E+14
759.05,4.60760000E+14
759.06,4.68843000E+14
759.07,4.75636000E+14
759.08,4.78179000E+14
759.09,4.78235000E+14
759.10,4.79085000E+14
759.11,4.81875000E+14
759.12,4.85266000E+14
759.13,4.87689000E+14
759.14,4.88790000E+14
759.15,4.89026000E+14
759.16,4.88912000E+14
759.17,4.88760000E+14
759.18,4.88680000E+14
759.19,4.88656000E+14
759.20,4.88685000E+14
759.21,4.88793000E+14
759.22,4.88901000E+14
759.23,4.88809000E+14
759.24,4.88361000E+14
759.25,4.87605000E+14
759.26,4.86807000E+14
759.27,4.86312000E+14
759.28,4.86366000E+14
759.29,4.86943000E+14
759.30,4.87691000E+14
759.31,4.88143000E+14
759.32,4.88076000E+14
759.33,4.87691000E+14
759.34,4.87404000E+14
759.35,4.87384000E+14
759.36,4.87333000E+14
759.37,4.86861000E+14
759.38,4.86058000E+14
759.39,4.85502000E+14
759.40,4.85665000E+14
759.41,4.86478000E+14
759.42,4.87456000E+14
759.43,4.88123000E+14
759.44,4.88305000E+14
759.45,4.88177000E+14
759.46,4.88032000E+14
759.47,4.88001000E+14
759.48,4.88066000E+14
759.49,4.88239000E+14
759.50,4.88525000E+14
759.51,4.88800000E+14
759.52,4.88896000E+14
759.53,4.88755000E+14
759.54,4.88405000E+14
759.55,4.87792000E+14
759.56,4.86784000E+14
759.57,4.85489000E+14
759.58,4.84449000E+14
759.59,4.84217000E+14
759.60,4.84705000E+14
759.61,4.85221000E+14
759.62,4.85248000E+14
759.63,4.84987000E+14
759.64,4.84999000E+14
759.65,4.85485000E+14
759.66,4.86070000E+14
759.67,4.86226000E+14
759.68,4.85817000E+14
759.69,4.85127000E+14
759.70,4.84280000E+14
759.71,4.82867000E+14
759.72,4.80666000E+14
759.73,4.78654000E+14
759.74,4.78466000E+14
759.75,4.80610000E+14
759.76,4.83876000E+14
759.77,4.86658000E+14
759.78,4.88266000E+14
759.79,4.88933000E+14
759.80,4.89137000E+14
759.81,4.89185000E+14
759.82,4.89189000E+14
759.83,4.89162000E+14
759.84,4.89062000E+14
759.85,4.88813000E+14
759.86,4.88345000E+14
759.87,4.87681000E+14
759.88,4.87011000E+14
759.89,4.86606000E+14
759.90,4.86583000E+14
759.91,4.86707000E+14
759.92,4.86499000E+14
759.93,4.85645000E+14
759.94,4.84318000E+14
759.95,4.83108000E+14
759.96,4.82640000E+14
759.97,4.83181000E+14
759.98,4.84502000E+14
759.99,4.86079000E+14
760.00,4.87401000E+14
760.01,4.88201000E+14
760.02,4.88493000E+14
760.03,4.88453000E+14
760.04,4.88264000E+14
760.05,4.88032000E+14
760.06,4.87795000E+14
760.07,4.87561000E+14
760.08,4.87328000E+14
760.09,4.87093000E+14
760.10,4.86854000E+14
760.11,4.86607000E+14
760.12,4.86355000E+14
760.13,4.86102000E+14
760.14,4.85854000E+14
760.15,4.85614000E+14
760.16,4.85377000E+14
760.17,4.85127000E+14
760.18,4.84811000E+14
760.19,4.84278000E+14
760.20,4.83234000E+14
760.21,4.81327000E+14
760.22,4.78367000E+14
760.23,4.74490000E+14
760.24,4.70081000E+14
760.25,4.65631000E+14
760.26,4.61746000E+14
760.27,4.59168000E+14
760.28,4.58514000E+14
760.29,4.59888000E+14
760.30,4.62889000E+14
760.31,4.66946000E+14
760.32,4.71418000E+14
760.33,4.75528000E+14
760.34,4.78545000E+14
760.35,4.80160000E+14
760.36,4.80564000E+14
760.37,4.80148000E+14
760.38,4.79096000E+14
760.39,4.77255000E+14
760.40,4.74349000E+14
760.41,4.70313000E+14
760.42,4.65460000E+14
760.43,4.60430000E+14
760.44,4.56145000E+14
760.45,4.53760000E+14
760.46,4.54244000E+14
760.47,4.57699000E+14
760.48,4.63128000E+14
760.49,4.68976000E+14
760.50,4.73945000E+14
760.51,4.77517000E+14
760.52,4.79940000E+14
760.53,4.81767000E+14
760.54,4.83396000E+14
760.55,4.84939000E+14
760.56,4.86321000E+14
760.57,4.87413000E+14
760.58,4.88130000E+14
760.59,4.88505000E+14
760.60,4.88654000E+14
760.61,4.88696000E+14
760.62,4.88702000E+14
760.63,4.88696000E+14
760.64,4.88684000E+14
760.65,4.88664000E+14
760.66,4.88637000E+14
760.67,4.88604000E+14
760.68,4.88555000E+14
760.69,4.88392000E+14
760.70,4.87699000E+14
760.71,4.85466000E+14
760.72,4.80523000E+14
760.73,4.73481000E+14
760.74,4.68143000E+14
760.75,4.68632000E+14
760.76,4.74560000E+14
760.77,4.81486000E+14
760.78,4.85904000E+14
760.79,4.87379000E+14
760.80,4.86707000E+14
760.81,4.84256000E+14
760.82,4.80127000E+14
760.83,4.74896000E+14
760.84,4.69924000E+14
760.85,4.67060000E+14
760.86,4.67736000E+14
760.87,4.71872000E+14
760.88,4.77686000E+14
760.89,4.82909000E+14
760.90,4.86276000E+14
760.91,4.87877000E+14
760.92,4.88436000E+14
760.93,4.88569000E+14
760.94,4.88580000E+14
760.95,4.88570000E+14
760.96,4.88564000E+14
760.97,4.88565000E+14
760.98,4.88569000E+14
760.99,4.88574000E+14
761.00,4.88576000E+14
761.01,4.88572000E+14
761.02,4.88559000E+14
761.03,4.88541000E+14
761.04,4.88523000E+14
761.05,4.88497000E+14
761.06,4.88415000E+14
761.07,4.88157000E+14
761.08,4.87534000E+14
761.09,4.86402000E+14
761.10,4.84850000E+14
761.11,4.83304000E+14
761.12,4.82372000E+14
761.13,4.82474000E+14
761.14,4.83548000E+14
761.15,4.85084000E+14
761.16,4.86400000E+14
761.17,4.86855000E+14
761.18,4.85885000E+14
761.19,4.83095000E+14
761.20,4.78476000E+14
761.21,4.72341000E+14
761.22,4.65256000E+14
761.23,4.58759000E+14
761.24,4.55756000E+14
761.25,4.58490000E+14
761.26,4.65750000E+14
761.27,4.73452000E+14
761.28,4.78419000E+14
761.29,4.80634000E+14
761.30,4.81884000E+14
761.31,4.83415000E+14
761.32,4.85228000E+14
761.33,4.86776000E+14
761.34,4.87740000E+14
761.35,4.88185000E+14
761.36,4.88337000E+14
761.37,4.88372000E+14
761.38,4.88369000E+14
761.39,4.88353000E+14
761.40,4.88336000E+14
761.41,4.88321000E+14
761.42,4.88293000E+14
761.43,4.88199000E+14
761.44,4.87949000E+14
761.45,4.87455000E+14
761.46,4.86751000E+14
761.47,4.86069000E+14
761.48,4.85738000E+14
761.49,4.85938000E+14
761.50,4.86549000E+14
761.51,4.87260000E+14
761.52,4.87808000E+14
761.53,4.88114000E+14
761.54,4.88241000E+14
761.55,4.88276000E+14
761.56,4.88272000E+14
761.57,4.88242000E+14
761.58,4.88158000E+14
761.59,4.87938000E+14
761.60,4.87450000E+14
761.61,4.86615000E+14
761.62,4.85492000E+14
761.63,4.84219000E+14
761.64,4.82936000E+14
761.65,4.81905000E+14
761.66,4.81524000E+14
761.67,4.81956000E+14
761.68,4.82900000E+14
761.69,4.83940000E+14
761.70,4.84883000E+14
761.71,4.85706000E+14
761.72,4.86338000E+14
761.73,4.86601000E+14
761.74,4.86301000E+14
761.75,4.85306000E+14
761.76,4.83509000E+14
761.77,4.80828000E+14
761.78,4.77683000E+14
761.79,4.75495000E+14
761.80,4.75910000E+14
761.81,4.78995000E+14
761.82,4.82940000E+14
761.83,4.85867000E+14
761.84,4.87155000E+14
761.85,4.86730000E+14
761.86,4.83329000E+14
761.87,4.73239000E+14
761.88,4.51632000E+14
761.89,4.18818000E+14
761.90,3.86819000E+14
761.91,3.73929000E+14
761.92,3.87601000E+14
761.93,4.17246000E+14
761.94,4.46573000E+14
761.95,4.66985000E+14
761.96,4.78202000E+14
761.97,4.82829000E+14
761.98,4.83025000E+14
761.99,4.80237000E+14
762.00,4.76451000E+14
762.01,4.74388000E+14
762.02,4.75491000E+14
762.03,4.78631000E+14
762.04,4.81755000E+14
762.05,4.83852000E+14
762.06,4.84882000E+14
762.07,4.84928000E+14
762.08,4.83587000E+14
762.09,4.79075000E+14
762.10,4.67861000E+14
762.11,4.47840000E+14
762.12,4.24660000E+14
762.13,4.11951000E+14
762.14,4.19190000E+14
762.15,4.40888000E+14
762.16,4.63007000E+14
762.17,4.76927000E+14
762.18,4.83021000E+14
762.19,4.84999000E+14
762.20,4.85372000E+14
762.21,4.84625000E+14
762.22,4.81288000E+14
762.23,4.72197000E+14
762.24,4.55350000E+14
762.25,4.35526000E+14
762.26,4.24755000E+14
762.27,4.31534000E+14
762.28,4.50841000E+14
762.29,4.70002000E+14
762.30,4.81545000E+14
762.31,4.86193000E+14
762.32,4.87411000E+14
762.33,4.87403000E+14
762.34,4.86901000E+14
762.35,4.86141000E+14
762.36,4.85390000E+14
762.37,4.84935000E+14
762.38,4.84870000E+14
762.39,4.85032000E+14
762.40,4.85119000E+14
762.41,4.84839000E+14
762.42,4.84154000E+14
762.43,4.83519000E+14
762.44,4.83624000E+14
762.45,4.84652000E+14
762.46,4.86021000E+14
762.47,4.87045000E+14
762.48,4.87518000E+14
762.49,4.87593000E+14
762.50,4.87420000E+14
762.51,4.87044000E+14
762.52,4.86498000E+14
762.53,4.85882000E+14
762.54,4.85369000E+14
762.55,4.85142000E+14
762.56,4.85293000E+14
762.57,4.85762000E+14
762.58,4.86375000E+14
762.59,4.86945000E+14
762.60,4.87351000E+14
762.61,4.87571000E+14
762.62,4.87633000E+14
762.63,4.87492000E+14
762.64,4.86892000E+14
762.65,4.85379000E+14
762.66,4.82749000E+14
762.67,4.79762000E+14
762.68,4.78079000E+14
762.69,4.78841000E+14
762.70,4.81411000E+14
762.71,4.84042000E+14
762.72,4.85551000E+14
762.73,4.85945000E+14
762.74,4.85776000E+14
762.75,4.85456000E+14
762.76,4.85140000E+14
762.77,4.84887000E+14
762.78,4.84746000E+14
762.79,4.84729000E+14
762.80,4.84803000E+14
762.81,4.84970000E+14
762.82,4.85314000E+14
762.83,4.85881000E+14
762.84,4.86543000E+14
762.85,4.87081000E+14
762.86,4.87387000E+14
762.87,4.87512000E+14
762.88,4.87551000E+14
762.89,4.87563000E+14
762.90,4.87569000E+14
762.91,4.87570000E+14
762.92,4.87566000E+14
762.93,4.87553000E+14
762.94,4.87535000E+14
762.95,4.87520000E+14
762.96,4.87513000E+14
762.97,4.87514000E+14
762.98,4.87518000E+14
762.99,4.87523000E+14
763.00,4.87525000E+14
763.01,4.87522000E+14
763.02,4.87509000E+14
763.03,4.87491000E+14
763.04,4.87473000E+14
763.05,4.87452000E+14
763.06,4.87398000E+14
763.07,4.87223000E+14
763.08,4.86789000E+14
763.09,4.86006000E+14
763.10,4.85008000E+14
763.11,4.84206000E+14
763.12,4.83998000E+14
763.13,4.84346000E+14
763.14,4.84747000E+14
763.15,4.84682000E+14
763.16,4.84007000E+14
763.17,4.82919000E+14
763.18,4.81786000E+14
763.19,4.81082000E+14
763.20,4.81258000E+14
763.21,4.82383000E+14
763.22,4.84012000E+14
763.23,4.85519000E+14
763.24,4.86541000E+14
763.25,4.87073000E+14
763.26,4.87290000E+14
763.27,4.87359000E+14
763.28,4.87373000E+14
763.29,4.87366000E+14
763.30,4.87350000E+14
763.31,4.87333000E+14
763.32,4.87322000E+14
763.33,4.87319000E+14
763.34,4.87322000E+14
763.35,4.87327000E+14
763.36,4.87331000E+14
763.37,4.87331000E+14
763.38,4.87323000E+14
763.39,4.87308000E+14
763.40,4.87290000E+14
763.41,4.87278000E+14
763.42,4.87273000E+14
763.43,4.87274000E+14
763.44,4.87278000E+14
763.45,4.87278000E+14
763.46,4.87254000E+14
763.47,4.87150000E+14
763.48,4.86850000E+14
763.49,4.86242000E+14
763.50,4.85380000E+14
763.51,4.84535000E+14
763.52,4.83919000E+14
763.53,4.83382000E+14
763.54,4.82593000E+14
763.55,4.81561000E+14
763.56,4.80760000E+14
763.57,4.80582000E+14
763.58,4.80812000E+14
763.59,4.80919000E+14
763.60,4.80827000E+14
763.61,4.81084000E+14
763.62,4.82144000E+14
763.63,4.83718000E+14
763.64,4.85099000E+14
763.65,4.85898000E+14
763.66,4.86218000E+14
763.67,4.86323000E+14
763.68,4.86382000E+14
763.69,4.86448000E+14
763.70,4.86525000E+14
763.71,4.86607000E+14
763.72,4.86690000E+14
763.73,4.86767000E+14
763.74,4.86820000E+14
763.75,4.86801000E+14
763.76,4.86613000E+14
763.77,4.86167000E+14
763.78,4.85542000E+14
763.79,4.85069000E+14
763.80,4.85096000E+14
763.81,4.85618000E+14
763.82,4.86280000E+14
763.83,4.86756000E+14
763.84,4.86976000E+14
763.85,4.87037000E+14
763.86,4.87039000E+14
763.87,4.87032000E+14
763.88,4.87029000E+14
763.89,4.87023000E+14
763.90,4.86984000E+14
763.91,4.86839000E+14
763.92,4.86438000E+14
763.93,4.85581000E+14
763.94,4.84189000E+14
763.95,4.82538000E+14
763.96,4.81239000E+14
763.97,4.80770000E+14
763.98,4.81060000E+14
763.99,4.81665000E+14
764.00,4.82229000E+14
764.01,4.82706000E+14
764.02,4.83214000E+14
764.03,4.83808000E+14
764.04,4.84415000E+14
764.05,4.84918000E+14
764.06,4.85198000E+14
764.07,4.85210000E+14
764.08,4.85085000E+14
764.09,4.85058000E+14
764.10,4.85250000E+14
764.11,4.85620000E+14
764.12,4.86059000E+14
764.13,4.86449000E+14
764.14,4.86706000E+14
764.15,4.86830000E+14
764.16,4.86870000E+14
764.17,4.86847000E+14
764.18,4.86645000E+14
764.19,4.85818000E+14
764.20,4.83398000E+14
764.21,4.78322000E+14
764.22,4.71014000E+14
764.23,4.64739000E+14
764.24,4.63718000E+14
764.25,4.68774000E+14
764.26,4.76262000E+14
764.27,4.82070000E+14
764.28,4.84982000E+14
764.29,4.85976000E+14
764.30,4.86201000E+14
764.31,4.86220000E+14
764.32,4.86202000E+14
764.33,4.86184000E+14
764.34,4.86174000E+14
764.35,4.86171000E+14
764.36,4.86172000E+14
764.37,4.86173000E+14
764.38,4.86169000E+14
764.39,4.86155000E+14
764.40,4.86133000E+14
764.41,4.86109000E+14
764.42,4.86088000E+14
764.43,4.86076000E+14
764.44,4.86071000E+14
764.45,4.86072000E+14
764.46,4.86073000E+14
764.47,4.86068000E+14
764.48,4.86055000E+14
764.49,4.86034000E+14
764.50,4.86010000E+14
764.51,4.85991000E+14
764.52,4.85980000E+14
764.53,4.85975000E+14
764.54,4.85976000E+14
764.55,4.85977000E+14
764.56,4.85974000E+14
764.57,4.85963000E+14
764.58,4.85943000E+14
764.59,4.85920000E+14
764.60,4.85899000E+14
764.61,4.85884000E+14
764.62,4.85877000E+14
764.63,4.85877000E+14
764.64,4.85878000E+14
764.65,4.85876000E+14
764.66,4.85866000E+14
764.67,4.85848000E+14
764.68,4.85825000E+14
764.69,4.85805000E+14
764.70,4.85791000E+14
764.71,4.85784000E+14
764.72,4.85784000E+14
764.73,4.85785000E+14
764.74,4.85784000E+14
764.75,4.85771000E+14
764.76,4.85736000E+14
764.77,4.85670000E+14
764.78,4.85575000E+14
764.79,4.85478000E+14
764.80,4.85404000E+14
764.81,4.85343000E+14
764.82,4.85267000E+14
764.83,4.85186000E+14
764.84,4.85143000E+14
764.85,4.85148000E+14
764.86,4.85151000E+14
764.87,4.85087000E+14
764.88,4.84951000E+14
764.89,4.84812000E+14
764.90,4.84776000E+14
764.91,4.84875000E+14
764.92,4.84994000E+14
764.93,4.84900000E+14
764.94,4.84389000E+14
764.95,4.83406000E+14
764.96,4.81932000E+14
764.97,4.79793000E+14
764.98,4.76974000E+14
764.99,4.74348000E+14
765.00,4.73415000E+14
765.01,4.74827000E+14
765.02,4.77724000E+14
765.03,4.80716000E+14
765.04,4.82957000E+14
765.05,4.84289000E+14
765.06,4.84922000E+14
765.07,4.85147000E+14
765.08,4.85184000E+14
765.09,4.85153000E+14
765.10,4.85102000E+14
765.11,4.85041000E+14
765.12,4.84972000E+14
765.13,4.84897000E+14
765.14,4.84821000E+14
765.15,4.84752000E+14
765.16,4.84691000E+14
765.17,4.84635000E+14
765.18,4.84581000E+14
765.19,4.84526000E+14
765.20,4.84466000E+14
765.21,4.84399000E+14
765.22,4.84323000E+14
765.23,4.84238000E+14
765.24,4.84116000E+14
765.25,4.83823000E+14
765.26,4.82937000E+14
765.27,4.80575000E+14
765.28,4.75759000E+14
765.29,4.68940000E+14
765.30,4.63321000E+14
765.31,4.62872000E+14
765.32,4.67992000E+14
765.33,4.74873000E+14
765.34,4.79745000E+14
765.35,4.81947000E+14
765.36,4.82829000E+14
765.37,4.83513000E+14
765.38,4.84206000E+14
765.39,4.84719000E+14
765.40,4.84947000E+14
765.41,4.84934000E+14
765.42,4.84775000E+14
765.43,4.84520000E+14
765.44,4.84167000E+14
765.45,4.83768000E+14
765.46,4.83498000E+14
765.47,4.83504000E+14
765.48,4.83707000E+14
765.49,4.83886000E+14
765.50,4.83912000E+14
765.51,4.83827000E+14
765.52,4.83697000E+14
765.53,4.83303000E+14
765.54,4.81784000E+14
765.55,4.77390000E+14
765.56,4.68174000E+14
765.57,4.54812000E+14
765.58,4.43405000E+14
765.59,4.42092000E+14
765.60,4.52312000E+14
765.61,4.66738000E+14
765.62,4.77353000E+14
765.63,4.81842000E+14
765.64,4.82087000E+14
765.65,4.80555000E+14
765.66,4.78660000E+14
765.67,4.76272000E+14
765.68,4.72153000E+14
765.69,4.65508000E+14
765.70,4.57165000E+14
765.71,4.49380000E+14
765.72,4.44714000E+14
765.73,4.44583000E+14
765.74,4.48325000E+14
765.75,4.54061000E+14
765.76,4.60476000E+14
765.77,4.67045000E+14
765.78,4.73002000E+14
765.79,4.77392000E+14
765.80,4.79968000E+14
765.81,4.81211000E+14
765.82,4.81711000E+14
765.83,4.81865000E+14
765.84,4.81909000E+14
765.85,4.81973000E+14
765.86,4.82093000E+14
765.87,4.82223000E+14
765.88,4.82215000E+14
765.89,4.81774000E+14
765.90,4.80369000E+14
765.91,4.77182000E+14
765.92,4.71148000E+14
765.93,4.60769000E+14
765.94,4.43812000E+14
765.95,4.19435000E+14
765.96,3.93673000E+14
765.97,3.80148000E+14
765.98,3.88830000E+14
765.99,4.14745000E+14
766.00,4.42971000E+14
766.01,4.62674000E+14
766.02,4.72428000E+14
766.03,4.75756000E+14
766.04,4.76395000E+14
766.05,4.76628000E+14
766.06,4.77059000E+14
766.07,4.76931000E+14
766.08,4.74445000E+14
766.09,4.66553000E+14
766.10,4.49979000E+14
766.11,4.25549000E+14
766.12,4.02067000E+14
766.13,3.91969000E+14
766.14,4.00595000E+14
766.15,4.21602000E+14
766.16,4.42860000E+14
766.17,4.54406000E+14
766.18,4.52933000E+14
766.19,4.43476000E+14
766.20,4.36729000E+14
766.21,4.40566000E+14
766.22,4.53207000E+14
766.23,4.66677000E+14
766.24,4.75438000E+14
766.25,4.79359000E+14
766.26,4.80638000E+14
766.27,4.80783000E+14
766.28,4.79688000E+14
766.29,4.75277000E+14
766.30,4.63705000E+14
766.31,4.42683000E+14
766.32,4.17664000E+14
766.33,4.02103000E+14
766.34,4.05848000E+14
766.35,4.24858000E+14
766.36,4.46963000E+14
766.37,4.63960000E+14
766.38,4.74467000E+14
766.39,4.79986000E+14
766.40,4.82262000E+14
766.41,4.82681000E+14
766.42,4.82048000E+14
766.43,4.80689000E+14
766.44,4.79026000E+14
766.45,4.77913000E+14
766.46,4.78104000E+14
766.47,4.79434000E+14
766.48,4.80933000E+14
766.49,4.81752000E+14
766.50,4.81801000E+14
766.51,4.81551000E+14
766.52,4.81384000E+14
766.53,4.81273000E+14
766.54,4.81044000E+14
766.55,4.80742000E+14
766.56,4.80557000E+14
766.57,4.80438000E+14
766.58,4.79598000E+14
766.59,4.75826000E+14
766.60,4.64979000E+14
766.61,4.42644000E+14
766.62,4.09750000E+14
766.63,3.78065000E+14
766.64,3.65222000E+14
766.65,3.77925000E+14
766.66,4.01161000E+14
766.67,4.08651000E+14
766.68,3.85136000E+14
766.69,3.41541000E+14
766.70,3.10225000E+14
766.71,3.17933000E+14
766.72,3.60612000E+14
766.73,4.11146000E+14
766.74,4.47890000E+14
766.75,4.67371000E+14
766.76,4.75871000E+14
766.77,4.79350000E+14
766.78,4.80827000E+14
766.79,4.81519000E+14
766.80,4.81923000E+14
766.81,4.82242000E+14
766.82,4.82547000E+14
766.83,4.82856000E+14
766.84,4.83172000E+14
766.85,4.83487000E+14
766.86,4.83768000E+14
766.87,4.83966000E+14
766.88,4.84076000E+14
766.89,4.84163000E+14
766.90,4.84288000E+14
766.91,4.84415000E+14
766.92,4.84427000E+14
766.93,4.84245000E+14
766.94,4.83898000E+14
766.95,4.83465000E+14
766.96,4.82996000E+14
766.97,4.82559000E+14
766.98,4.82300000E+14
766.99,4.82338000E+14
767.00,4.82587000E+14
767.01,4.82743000E+14
767.02,4.82482000E+14
767.03,4.81762000E+14
767.04,4.80913000E+14
767.05,4.80348000E+14
767.06,4.80203000E+14
767.07,4.80298000E+14
767.08,4.80314000E+14
767.09,4.79924000E+14
767.10,4.78947000E+14
767.11,4.77469000E+14
767.12,4.75628000E+14
767.13,4.73108000E+14
767.14,4.68669000E+14
767.15,4.60561000E+14
767.16,4.48834000E+14
767.17,4.37857000E+14
767.18,4.34420000E+14
767.19,4.41299000E+14
767.20,4.54271000E+14
767.21,4.66731000E+14
767.22,4.75237000E+14
767.23,4.79987000E+14
767.24,4.82403000E+14
767.25,4.83583000E+14
767.26,4.84133000E+14
767.27,4.84379000E+14
767.28,4.84491000E+14
767.29,4.84550000E+14
767.30,4.84598000E+14
767.31,4.84678000E+14
767.32,4.84812000E+14
767.33,4.84969000E+14
767.34,4.85091000E+14
767.35,4.85156000E+14
767.36,4.85180000E+14
767.37,4.85187000E+14
767.38,4.85185000E+14
767.39,4.85159000E+14
767.40,4.85072000E+14
767.41,4.84850000E+14
767.42,4.84386000E+14
767.43,4.83601000E+14
767.44,4.82583000E+14
767.45,4.81613000E+14
767.46,4.80999000E+14
767.47,4.80950000E+14
767.48,4.81521000E+14
767.49,4.82513000E+14
767.50,4.83498000E+14
767.51,4.84096000E+14
767.52,4.84197000E+14
767.53,4.83894000E+14
767.54,4.83360000E+14
767.55,4.82830000E+14
767.56,4.82529000E+14
767.57,4.82513000E+14
767.58,4.82700000E+14
767.59,4.83043000E+14
767.60,4.83514000E+14
767.61,4.84004000E+14
767.62,4.84384000E+14
767.63,4.84611000E+14
767.64,4.84719000E+14
767.65,4.84739000E+14
767.66,4.84656000E+14
767.67,4.84448000E+14
767.68,4.84167000E+14
767.69,4.83982000E+14
767.70,4.84041000E+14
767.71,4.84309000E+14
767.72,4.84610000E+14
767.73,4.84811000E+14
767.74,4.84875000E+14
767.75,4.84781000E+14
767.76,4.84450000E+14
767.77,4.83805000E+14
767.78,4.82947000E+14
767.79,4.82207000E+14
767.80,4.81894000E+14
767.81,4.82037000E+14
767.82,4.82494000E+14
767.83,4.83133000E+14
767.84,4.83811000E+14
767.85,4.84361000E+14
767.86,4.84679000E+14
767.87,4.84758000E+14
767.88,4.84669000E+14
767.89,4.84527000E+14
767.90,4.84445000E+14
767.91,4.84451000E+14
767.92,4.84489000E+14
767.93,4.84534000E+14
767.94,4.84610000E+14
767.95,4.84711000E+14
767.96,4.84759000E+14
767.97,4.84626000E+14
767.98,4.84141000E+14
767.99,4.83182000E+14
768.00,4.81878000E+14
768.01,4.80689000E+14
768.02,4.80111000E+14
768.03,4.80309000E+14
768.04,4.81059000E+14
768.05,4.81949000E+14
768.06,4.82645000E+14
768.07,4.83061000E+14
768.08,4.83305000E+14
768.09,4.83498000E+14
768.10,4.83672000E+14
768.11,4.83793000E+14
768.12,4.83795000E+14
768.13,4.83553000E+14
768.14,4.82850000E+14
768.15,4.81529000E+14
768.16,4.79804000E+14
768.17,4.78235000E+14
768.18,4.76922000E+14
768.19,4.74357000E+14
768.20,4.67033000E+14
768.21,4.51173000E+14
768.22,4.27438000E+14
768.23,4.05153000E+14
768.24,3.97899000E+14
768.25,4.10864000E+14
768.26,4.35275000E+14
768.27,4.57802000E+14
768.28,4.71833000E+14
768.29,4.78398000E+14
768.30,4.80943000E+14
768.31,4.81931000E+14
768.32,4.82462000E+14
768.33,4.82809000E+14
768.34,4.82878000E+14
768.35,4.82597000E+14
768.36,4.82121000E+14
768.37,4.81734000E+14
768.38,4.81607000E+14
768.39,4.81755000E+14
768.40,4.82153000E+14
768.41,4.82755000E+14
768.42,4.83424000E+14
768.43,4.83977000E+14
768.44,4.84323000E+14
768.45,4.84493000E+14
768.46,4.84560000E+14
768.47,4.84569000E+14
768.48,4.84510000E+14
768.49,4.84334000E+14
768.50,4.84027000E+14
768.51,4.83688000E+14
768.52,4.83449000E+14
768.53,4.83244000E+14
768.54,4.82836000E+14
768.55,4.82229000E+14
768.56,4.81862000E+14
768.57,4.82117000E+14
768.58,4.82801000E+14
768.59,4.83364000E+14
768.60,4.83502000E+14
768.61,4.83356000E+14
768.62,4.83264000E+14
768.63,4.83416000E+14
768.64,4.83728000E+14
768.65,4.84013000E+14
768.66,4.84173000E+14
768.67,4.84194000E+14
768.68,4.84039000E+14
768.69,4.83594000E+14
768.70,4.82715000E+14
768.71,4.81451000E+14
768.72,4.80255000E+14
768.73,4.79785000E+14
768.74,4.80289000E+14
768.75,4.81351000E+14
768.76,4.82357000E+14
768.77,4.82984000E+14
768.78,4.83165000E+14
768.79,4.82827000E+14
768.80,4.81886000E+14
768.81,4.80554000E+14
768.82,4.79521000E+14
768.83,4.79487000E+14
768.84,4.80450000E+14
768.85,4.81706000E+14
768.86,4.82569000E+14
768.87,4.82870000E+14
768.88,4.82840000E+14
768.89,4.82766000E+14
768.90,4.82779000E+14
768.91,4.82842000E+14
768.92,4.82816000E+14
768.93,4.82508000E+14
768.94,4.81796000E+14
768.95,4.80800000E+14
768.96,4.79900000E+14
768.97,4.79483000E+14
768.98,4.79627000E+14
768.99,4.80015000E+14
769.00,4.80096000E+14
769.01,4.79275000E+14
769.02,4.77032000E+14
769.03,4.73241000E+14
769.04,4.68860000E+14
769.05,4.66024000E+14
769.06,4.66388000E+14
769.07,4.68997000E+14
769.08,4.70514000E+14
769.09,4.68079000E+14
769.10,4.62308000E+14
769.11,4.57708000E+14
769.12,4.58852000E+14
769.13,4.65591000E+14
769.14,4.73524000E+14
769.15,4.78938000E+14
769.16,4.81367000E+14
769.17,4.82087000E+14
769.18,4.82152000E+14
769.19,4.81896000E+14
769.20,4.81306000E+14
769.21,4.80506000E+14
769.22,4.79910000E+14
769.23,4.79876000E+14
769.24,4.80287000E+14
769.25,4.80660000E+14
769.26,4.80625000E+14
769.27,4.80100000E+14
769.28,4.79095000E+14
769.29,4.77637000E+14
769.30,4.75801000E+14
769.31,4.73286000E+14
769.32,4.68534000E+14
769.33,4.58387000E+14
769.34,4.39740000E+14
769.35,4.13925000E+14
769.36,3.90210000E+14
769.37,3.81278000E+14
769.38,3.91922000E+14
769.39,4.14435000E+14
769.40,4.36940000E+14
769.41,4.53179000E+14
769.42,4.63340000E+14
769.43,4.69551000E+14
769.44,4.73267000E+14
769.45,4.75411000E+14
769.46,4.76803000E+14
769.47,4.77976000E+14
769.48,4.79027000E+14
769.49,4.79834000E+14
769.50,4.80306000E+14
769.51,4.80446000E+14
769.52,4.80340000E+14
769.53,4.80136000E+14
769.54,4.79999000E+14
769.55,4.80030000E+14
769.56,4.80161000E+14
769.57,4.80198000E+14
769.58,4.80080000E+14
769.59,4.80032000E+14
769.60,4.80314000E+14
769.61,4.80907000E+14
769.62,4.81561000E+14
769.63,4.82060000E+14
769.64,4.82331000E+14
769.65,4.82404000E+14
769.66,4.82326000E+14
769.67,4.82126000E+14
769.68,4.81848000E+14
769.69,4.81589000E+14
769.70,4.81430000E+14
769.71,4.81330000E+14
769.72,4.81061000E+14
769.73,4.80175000E+14
769.74,4.78027000E+14
769.75,4.74144000E+14
769.76,4.69180000E+14
769.77,4.65360000E+14
769.78,4.64984000E+14
769.79,4.68162000E+14
769.80,4.72751000E+14
769.81,4.76550000E+14
769.82,4.78795000E+14
769.83,4.79806000E+14
769.84,4.80058000E+14
769.85,4.79703000E+14
769.86,4.78575000E+14
769.87,4.76712000E+14
769.88,4.74965000E+14
769.89,4.74620000E+14
769.90,4.76088000E+14
769.91,4.78431000E+14
769.92,4.80436000E+14
769.93,4.81614000E+14
769.94,4.82104000E+14
769.95,4.82190000E+14
769.96,4.82096000E+14
769.97,4.81970000E+14
769.98,4.81883000E+14
769.99,4.81833000E+14
770.00,4.81767000E+14
770.01,4.81659000E+14
770.02,4.81555000E+14
770.03,4.81473000E+14
770.04,4.81179000E+14
770.05,4.79868000E+14
770.06,4.75229000E+14
770.07,4.61957000E+14
770.08,4.32643000E+14
770.09,3.85985000E+14
770.10,3.38048000E+14
770.11,3.17494000E+14
770.12,3.39156000E+14
770.13,3.87398000E+14
770.14,4.33482000E+14
770.15,4.61863000E+14
770.16,4.74371000E+14
770.17,4.78686000E+14
770.18,4.80181000E+14
770.19,4.81022000E+14
770.20,4.81671000E+14
770.21,4.82062000E+14
770.22,4.82138000E+14
770.23,4.81973000E+14
770.24,4.81705000E+14
770.25,4.81469000E+14
770.26,4.81354000E+14
770.27,4.81392000E+14
770.28,4.81548000E+14
770.29,4.81740000E+14
770.30,4.81931000E+14
770.31,4.82146000E+14
770.32,4.82388000E+14
770.33,4.82594000E+14
770.34,4.82710000E+14
770.35,4.82739000E+14
770.36,4.82700000E+14
770.37,4.82574000E+14
770.38,4.82366000E+14
770.39,4.82185000E+14
770.40,4.82182000E+14
770.41,4.82370000E+14
770.42,4.82602000E+14
770.43,4.82709000E+14
770.44,4.82587000E+14
770.45,4.82187000E+14
770.46,4.81544000E+14
770.47,4.80791000E+14
770.48,4.80078000E+14
770.49,4.79554000E+14
770.50,4.79429000E+14
770.51,4.79826000E+14
770.52,4.80539000E+14
770.53,4.81164000E+14
770.54,4.81511000E+14
770.55,4.81710000E+14
770.56,4.81958000E+14
770.57,4.82308000E+14
770.58,4.82682000E+14
770.59,4.82956000E+14
770.60,4.83038000E+14
770.61,4.82943000E+14
770.62,4.82798000E+14
770.63,4.82735000E+14
770.64,4.82760000E+14
770.65,4.82753000E+14
770.66,4.82566000E+14
770.67,4.82145000E+14
770.68,4.81616000E+14
770.69,4.81247000E+14
770.70,4.81252000E+14
770.71,4.81614000E+14
770.72,4.82104000E+14
770.73,4.82438000E+14
770.74,4.82391000E+14
770.75,4.81868000E+14
770.76,4.80972000E+14
770.77,4.80044000E+14
770.78,4.79506000E+14
770.79,4.79559000E+14
770.80,4.80005000E+14
770.81,4.80429000E+14
770.82,4.80567000E+14
770.83,4.80496000E+14
770.84,4.80514000E+14
770.85,4.80828000E+14
770.86,4.81350000E+14
770.87,4.81801000E+14
770.88,4.81992000E+14
770.89,4.81942000E+14
770.90,4.81753000E+14
770.91,4.81439000E+14
770.92,4.80960000E+14
770.93,4.80395000E+14
770.94,4.79981000E+14
770.95,4.79916000E+14
770.96,4.80152000E+14
770.97,4.80447000E+14
770.98,4.80600000E+14
770.99,4.80669000E+14
771.00,4.80903000E+14
771.01,4.81406000E+14
771.02,4.81974000E+14
771.03,4.82329000E+14
771.04,4.82353000E+14
771.05,4.82113000E+14
771.06,4.81779000E+14
771.07,4.81518000E+14
771.08,4.81371000E+14
771.09,4.81207000E+14
771.10,4.80880000E+14
771.11,4.80440000E+14
771.12,4.80115000E+14
771.13,4.80028000E+14
771.14,4.80011000E+14
771.15,4.79741000E+14
771.16,4.79034000E+14
771.17,4.78100000E+14
771.18,4.77439000E+14
771.19,4.77105000E+14
771.20,4.75857000E+14
771.21,4.70888000E+14
771.22,4.58724000E+14
771.23,4.38757000E+14
771.24,4.18146000E+14
771.25,4.09755000E+14
771.26,4.20032000E+14
771.27,4.41509000E+14
771.28,4.61328000E+14
771.29,4.73210000E+14
771.30,4.78518000E+14
771.31,4.80579000E+14
771.32,4.81305000E+14
771.33,4.81100000E+14
771.34,4.79230000E+14
771.35,4.73744000E+14
771.36,4.62533000E+14
771.37,4.46986000E+14
771.38,4.34662000E+14
771.39,4.34244000E+14
771.40,4.46164000E+14
771.41,4.61960000E+14
771.42,4.73397000E+14
771.43,4.78441000E+14
771.44,4.79097000E+14
771.45,4.77457000E+14
771.46,4.74639000E+14
771.47,4.71790000E+14
771.48,4.70544000E+14
771.49,4.71833000E+14
771.50,4.74881000E+14
771.51,4.78050000E+14
771.52,4.80291000E+14
771.53,4.81469000E+14
771.54,4.81859000E+14
771.55,4.81778000E+14
771.56,4.81516000E+14
771.57,4.81260000E+14
771.58,4.80854000E+14
771.59,4.79295000E+14
771.60,4.73806000E+14
771.61,4.59449000E+14
771.62,4.32558000E+14
771.63,3.98640000E+14
771.64,3.74723000E+14
771.65,3.76027000E+14
771.66,3.99953000E+14
771.67,4.29895000E+14
771.68,4.52635000E+14
771.69,4.65573000E+14
771.70,4.71118000E+14
771.71,4.71362000E+14
771.72,4.67787000E+14
771.73,4.61883000E+14
771.74,4.53801000E+14
771.75,4.42350000E+14
771.76,4.29829000E+14
771.77,4.24436000E+14
771.78,4.32348000E+14
771.79,4.49467000E+14
771.80,4.65906000E+14
771.81,4.75943000E+14
771.82,4.80211000E+14
771.83,4.81526000E+14
771.84,4.81811000E+14
771.85,4.81825000E+14
771.86,4.81766000E+14
771.87,4.81658000E+14
771.88,4.81492000E+14
771.89,4.81281000E+14
771.90,4.81096000E+14
771.91,4.81050000E+14
771.92,4.81186000E+14
771.93,4.81389000E+14
771.94,4.81451000E+14
771.95,4.81262000E+14
771.96,4.80914000E+14
771.97,4.80658000E+14
771.98,4.80687000E+14
771.99,4.80953000E+14
772.00,4.81227000E+14
772.01,4.81365000E+14
772.02,4.81420000E+14
772.03,4.81496000E+14
772.04,4.81592000E+14
772.05,4.81615000E+14
772.06,4.81378000E+14
772.07,4.80415000E+14
772.08,4.77638000E+14
772.09,4.71577000E+14
772.10,4.62205000E+14
772.11,4.53196000E+14
772.12,4.50356000E+14
772.13,4.55788000E+14
772.14,4.65374000E+14
772.15,4.73465000E+14
772.16,4.77857000E+14
772.17,4.79553000E+14
772.18,4.80112000E+14
772.19,4.80324000E+14
772.20,4.80334000E+14
772.21,4.80104000E+14
772.22,4.79695000E+14
772.23,4.79283000E+14
772.24,4.78919000E+14
772.25,4.78232000E+14
772.26,4.76624000E+14
772.27,4.74127000E+14
772.28,4.72006000E+14
772.29,4.71828000E+14
772.30,4.73771000E+14
772.31,4.76455000E+14
772.32,4.78495000E+14
772.33,4.79526000E+14
772.34,4.79870000E+14
772.35,4.79881000E+14
772.36,4.79742000E+14
772.37,4.79516000E+14
772.38,4.79191000E+14
772.39,4.78731000E+14
772.40,4.78154000E+14
772.41,4.77501000E+14
772.42,4.76672000E+14
772.43,4.75308000E+14
772.44,4.72960000E+14
772.45,4.69498000E+14
772.46,4.65558000E+14
772.47,4.62477000E+14
772.48,4.61264000E+14
772.49,4.61168000E+14
772.50,4.59246000E+14
772.51,4.52260000E+14
772.52,4.40954000E+14
772.53,4.32377000E+14
772.54,4.34287000E+14
772.55,4.46390000E+14
772.56,4.60880000E+14
772.57,4.71150000E+14
772.58,4.76219000E+14
772.59,4.78108000E+14
772.60,4.78654000E+14
772.61,4.78806000E+14
772.62,4.78968000E+14
772.63,4.79237000E+14
772.64,4.79566000E+14
772.65,4.79896000E+14
772.66,4.80155000E+14
772.67,4.80227000E+14
772.68,4.80000000E+14
772.69,4.79396000E+14
772.70,4.78354000E+14
772.71,4.76962000E+14
772.72,4.75689000E+14
772.73,4.75228000E+14
772.74,4.75828000E+14
772.75,4.76963000E+14
772.76,4.77898000E+14
772.77,4.78338000E+14
772.78,4.78368000E+14
772.79,4.78158000E+14
772.80,4.77997000E+14
772.81,4.78241000E+14
772.82,4.78965000E+14
772.83,4.79863000E+14
772.84,4.80532000E+14
772.85,4.80748000E+14
772.86,4.80513000E+14
772.87,4.80000000E+14
772.88,4.79491000E+14
772.89,4.79234000E+14
772.90,4.79240000E+14
772.91,4.79137000E+14
772.92,4.77965000E+14
772.93,4.73513000E+14
772.94,4.61754000E+14
772.95,4.39229000E+14
772.96,4.09768000E+14
772.97,3.87926000E+14
772.98,3.88559000E+14
772.99,4.11055000E+14
773.00,4.40072000E+14
773.01,4.61727000E+14
773.02,4.73023000E+14
773.03,4.77641000E+14
773.04,4.79363000E+14
773.05,4.80074000E+14
773.06,4.80460000E+14
773.07,4.80744000E+14
773.08,4.80979000E+14
773.09,4.81151000E+14
773.10,4.81241000E+14
773.11,4.81222000E+14
773.12,4.81054000E+14
773.13,4.80705000E+14
773.14,4.80226000E+14
773.15,4.79799000E+14
773.16,4.79633000E+14
773.17,4.79733000E+14
773.18,4.79840000E+14
773.19,4.79704000E+14
773.20,4.79393000E+14
773.21,4.79254000E+14
773.22,4.79520000E+14
773.23,4.80046000E+14
773.24,4.80498000E+14
773.25,4.80683000E+14
773.26,4.80619000E+14
773.27,4.80381000E+14
773.28,4.79992000E+14
773.29,4.79449000E+14
773.30,4.78852000E+14
773.31,4.78441000E+14
773.32,4.78397000E+14
773.33,4.78602000E+14
773.34,4.78734000E+14
773.35,4.78590000E+14
773.36,4.78179000E+14
773.37,4.77614000E+14
773.38,4.77022000E+14
773.39,4.76420000E+14
773.40,4.75618000E+14
773.41,4.74374000E+14
773.42,4.72710000E+14
773.43,4.71012000E+14
773.44,4.69820000E+14
773.45,4.69478000E+14
773.46,4.69939000E+14
773.47,4.70867000E+14
773.48,4.71859000E+14
773.49,4.72601000E+14
773.50,4.72988000E+14
773.51,4.73213000E+14
773.52,4.73683000E+14
773.53,4.74654000E+14
773.54,4.75756000E+14
773.55,4.75967000E+14
773.56,4.74297000E+14
773.57,4.70932000E+14
773.58,4.67820000E+14
773.59,4.67304000E+14
773.60,4.69647000E+14
773.61,4.72822000E+14
773.62,4.74963000E+14
773.63,4.75933000E+14
773.64,4.76526000E+14
773.65,4.77267000E+14
773.66,4.78144000E+14
773.67,4.78897000E+14
773.68,4.79319000E+14
773.69,4.79448000E+14
773.70,4.79517000E+14
773.71,4.79701000E+14
773.72,4.79944000E+14
773.73,4.80045000E+14
773.74,4.79855000E+14
773.75,4.79399000E+14
773.76,4.78825000E+14
773.77,4.78206000E+14
773.78,4.77439000E+14
773.79,4.76457000E+14
773.80,4.75587000E+14
773.81,4.75455000E+14
773.82,4.76332000E+14
773.83,4.77783000E+14
773.84,4.79105000E+14
773.85,4.79900000E+14
773.86,4.80169000E+14
773.87,4.80105000E+14
773.88,4.79945000E+14
773.89,4.79858000E+14
773.90,4.79859000E+14
773.91,4.79880000E+14
773.92,4.79919000E+14
773.93,4.80012000E+14
773.94,4.80028000E+14
773.95,4.79669000E+14
773.96,4.78780000E+14
773.97,4.77705000E+14
773.98,4.77174000E+14
773.99,4.77608000E+14
774.00,4.78688000E+14
774.01,4.79771000E+14
774.02,4.80479000E+14
774.03,4.80757000E+14
774.04,4.80654000E+14
774.05,4.80278000E+14
774.06,4.79865000E+14
774.07,4.79683000E+14
774.08,4.79783000E+14
774.09,4.79939000E+14
774.10,4.79941000E+14
774.11,4.79812000E+14
774.12,4.79684000E+14
774.13,4.79592000E+14
774.14,4.79535000E+14
774.15,4.79591000E+14
774.16,4.79809000E+14
774.17,4.80107000E+14
774.18,4.80369000E+14
774.19,4.80520000E+14
774.20,4.80515000E+14
774.21,4.80374000E+14
774.22,4.80213000E+14
774.23,4.80137000E+14
774.24,4.80122000E+14
774.25,4.80069000E+14
774.26,4.79976000E+14
774.27,4.79949000E+14
774.28,4.80049000E+14
774.29,4.80200000E+14
774.30,4.80274000E+14
774.31,4.80201000E+14
774.32,4.79953000E+14
774.33,4.79453000E+14
774.34,4.78555000E+14
774.35,4.77254000E+14
774.36,4.75935000E+14
774.37,4.75216000E+14
774.38,4.75365000E+14
774.39,4.75997000E+14
774.40,4.76437000E+14
774.41,4.76190000E+14
774.42,4.74971000E+14
774.43,4.72212000E+14
774.44,4.66249000E+14
774.45,4.54026000E+14
774.46,4.33149000E+14
774.47,4.06751000E+14
774.48,3.86005000E+14
774.49,3.83116000E+14
774.50,3.99551000E+14
774.51,4.24601000E+14
774.52,4.46261000E+14
774.53,4.59967000E+14
774.54,4.67454000E+14
774.55,4.71667000E+14
774.56,4.74196000E+14
774.57,4.75549000E+14
774.58,4.76069000E+14
774.59,4.76268000E+14
774.60,4.76588000E+14
774.61,4.77126000E+14
774.62,4.77722000E+14
774.63,4.78242000E+14
774.64,4.78682000E+14
774.65,4.79076000E+14
774.66,4.79400000E+14
774.67,4.79572000E+14
774.68,4.79517000E+14
774.69,4.79232000E+14
774.70,4.78783000E+14
774.71,4.78171000E+14
774.72,4.77065000E+14
774.73,4.74549000E+14
774.74,4.69518000E+14
774.75,4.62398000E+14
774.76,4.56574000E+14
774.77,4.56149000E+14
774.78,4.61452000E+14
774.79,4.68673000E+14
774.80,4.74171000E+14
774.81,4.77149000E+14
774.82,4.78378000E+14
774.83,4.78197000E+14
774.84,4.75990000E+14
774.85,4.71075000E+14
774.86,4.64520000E+14
774.87,4.59903000E+14
774.88,4.60576000E+14
774.89,4.65977000E+14
774.90,4.72325000E+14
774.91,4.76660000E+14
774.92,4.78662000E+14
774.93,4.79293000E+14
774.94,4.79289000E+14
774.95,4.78929000E+14
774.96,4.78398000E+14
774.97,4.77918000E+14
774.98,4.77365000E+14
774.99,4.75478000E+14
775.00,4.68964000E+14
775.01,4.52797000E+14
775.02,4.24591000E+14
775.03,3.92276000E+14
775.04,3.73841000E+14
775.05,3.81269000E+14
775.06,4.05470000E+14
775.07,4.23648000E+14
775.08,4.20685000E+14
775.09,4.01670000E+14
775.10,3.86703000E+14
775.11,3.92410000E+14
775.12,4.16817000E+14
775.13,4.44537000E+14
775.14,4.63688000E+14
775.15,4.72933000E+14
775.16,4.76244000E+14
775.17,4.77101000E+14
775.18,4.77135000E+14
775.19,4.76942000E+14
775.20,4.76823000E+14
775.21,4.77003000E+14
775.22,4.77522000E+14
775.23,4.78199000E+14
775.24,4.78800000E+14
775.25,4.79197000E+14
775.26,4.79340000E+14
775.27,4.78967000E+14
775.28,4.77095000E+14
775.29,4.71602000E+14
775.30,4.60305000E+14
775.31,4.44641000E+14
775.32,4.32192000E+14
775.33,4.31536000E+14
775.34,4.43094000E+14
775.35,4.58709000E+14
775.36,4.70518000E+14
775.37,4.76628000E+14
775.38,4.79003000E+14
775.39,4.79742000E+14
775.40,4.79856000E+14
775.41,4.79644000E+14
775.42,4.79197000E+14
775.43,4.78666000E+14
775.44,4.78292000E+14
775.45,4.78229000E+14
775.46,4.78434000E+14
775.47,4.78750000E+14
775.48,4.79012000E+14
775.49,4.79085000E+14
775.50,4.78871000E+14
775.51,4.78325000E+14
775.52,4.77524000E+14
775.53,4.76738000E+14
775.54,4.76321000E+14
775.55,4.76407000E+14
775.56,4.76768000E+14
775.57,4.77060000E+14
775.58,4.77152000E+14
775.59,4.77196000E+14
775.60,4.77388000E+14
775.61,4.77744000E+14
775.62,4.78097000E+14
775.63,4.78278000E+14
775.64,4.78237000E+14
775.65,4.78044000E+14
775.66,4.77834000E+14
775.67,4.77710000E+14
775.68,4.77611000E+14
775.69,4.77295000E+14
775.70,4.76499000E+14
775.71,4.75145000E+14
775.72,4.73454000E+14
775.73,4.71910000E+14
775.74,4.71036000E+14
775.75,4.71047000E+14
775.76,4.71750000E+14
775.77,4.72829000E+14
775.78,4.74077000E+14
775.79,4.75308000E+14
775.80,4.76318000E+14
775.81,4.77013000E+14
775.82,4.77469000E+14
775.83,4.77810000E+14
775.84,4.78087000E+14
775.85,4.78266000E+14
775.86,4.78328000E+14
775.87,4.78336000E+14
775.88,4.78377000E+14
775.89,4.78475000E+14
775.90,4.78593000E+14
775.91,4.78721000E+14
775.92,4.78861000E+14
775.93,4.78967000E+14
775.94,4.78950000E+14
775.95,4.78774000E+14
775.96,4.78520000E+14
775.97,4.78331000E+14
775.98,4.78279000E+14
775.99,4.78298000E+14
776.00,4.78254000E+14
776.01,4.78094000E+14
776.02,4.77913000E+14
776.03,4.77848000E+14
776.04,4.77918000E+14
776.05,4.78001000E+14
776.06,4.77945000E+14
776.07,4.77655000E+14
776.08,4.77139000E+14
776.09,4.76482000E+14
776.10,4.75668000E+14
776.11,4.74390000E+14
776.12,4.72212000E+14
776.13,4.69180000E+14
776.14,4.66257000E+14
776.15,4.64772000E+14
776.16,4.65303000E+14
776.17,4.67283000E+14
776.18,4.69680000E+14
776.19,4.71749000E+14
776.20,4.73190000E+14
776.21,4.73960000E+14
776.22,4.74088000E+14
776.23,4.73497000E+14
776.24,4.71862000E+14
776.25,4.68755000E+14
776.26,4.64367000E+14
776.27,4.60305000E+14
776.28,4.58991000E+14
776.29,4.61409000E+14
776.30,4.65941000E+14
776.31,4.70095000E+14
776.32,4.72727000E+14
776.33,4.74165000E+14
776.34,4.75065000E+14
776.35,4.75749000E+14
776.36,4.76284000E+14
776.37,4.76717000E+14
776.38,4.77132000E+14
776.39,4.77536000E+14
776.40,4.77856000E+14
776.41,4.78065000E+14
776.42,4.78226000E+14
776.43,4.78399000E+14
776.44,4.78562000E+14
776.45,4.78658000E+14
776.46,4.78682000E+14
776.47,4.78677000E+14
776.48,4.78673000E+14
776.49,4.78635000E+14
776.50,4.78507000E+14
776.51,4.78298000E+14
776.52,4.78087000E+14
776.53,4.77944000E+14
776.54,4.77886000E+14
776.55,4.77920000E+14
776.56,4.78036000E+14
776.57,4.78178000E+14
776.58,4.78269000E+14
776.59,4.78279000E+14
776.60,4.78259000E+14
776.61,4.78269000E+14
776.62,4.78262000E+14
776.63,4.78020000E+14
776.64,4.77256000E+14
776.65,4.75851000E+14
776.66,4.74118000E+14
776.67,4.72825000E+14
776.68,4.72761000E+14
776.69,4.74017000E+14
776.70,4.75783000E+14
776.71,4.77050000E+14
776.72,4.77397000E+14
776.73,4.77091000E+14
776.74,4.76668000E+14
776.75,4.76505000E+14
776.76,4.76673000E+14
776.77,4.77033000E+14
776.78,4.77400000E+14
776.79,4.77703000E+14
776.80,4.78006000E+14
776.81,4.78338000E+14
776.82,4.78606000E+14
776.83,4.78729000E+14
776.84,4.78728000E+14
776.85,4.78654000E+14
776.86,4.78523000E+14
776.87,4.78381000E+14
776.88,4.78337000E+14
776.89,4.78462000E+14
776.90,4.78692000E+14
776.91,4.78891000E+14
776.92,4.78954000E+14
776.93,4.78836000E+14
776.94,4.78563000E+14
776.95,4.78271000E+14
776.96,4.78157000E+14
776.97,4.78300000E+14
776.98,4.78578000E+14
776.99,4.78790000E+14
777.00,4.78820000E+14
777.01,4.78655000E+14
777.02,4.78338000E+14
777.03,4.77965000E+14
777.04,4.77680000E+14
777.05,4.77588000E+14
777.06,4.77692000E+14
777.07,4.77928000E+14
777.08,4.78226000E+14
777.09,4.78493000E+14
777.10,4.78625000E+14
777.11,4.78588000E+14
777.12,4.78485000E+14
777.13,4.78448000E+14
777.14,4.78464000E+14
777.15,4.78378000E+14
777.16,4.78148000E+14
777.17,4.77969000E+14
777.18,4.78054000E+14
777.19,4.78358000E+14
777.20,4.78628000E+14
777.21,4.78660000E+14
777.22,4.78449000E+14
777.23,4.78160000E+14
777.24,4.78007000E+14
777.25,4.78081000E+14
777.26,4.78245000E+14
777.27,4.78279000E+14
777.28,4.78125000E+14
777.29,4.77936000E+14
777.30,4.77870000E+14
777.31,4.77919000E+14
777.32,4.77942000E+14
777.33,4.77803000E+14
777.34,4.77387000E+14
777.35,4.76394000E+14
777.36,4.73835000E+14
777.37,4.67531000E+14
777.38,4.54836000E+14
777.39,4.35854000E+14
777.40,4.17076000E+14
777.41,4.09148000E+14
777.42,4.17541000E+14
777.43,4.36639000E+14
777.44,4.55498000E+14
777.45,4.67471000E+14
777.46,4.72671000E+14
777.47,4.74186000E+14
777.48,4.74533000E+14
777.49,4.74766000E+14
777.50,4.75104000E+14
777.51,4.75615000E+14
777.52,4.76315000E+14
777.53,4.77047000E+14
777.54,4.77578000E+14
777.55,4.77821000E+14
777.56,4.77796000E+14
777.57,4.77355000E+14
777.58,4.75769000E+14
777.59,4.71298000E+14
777.60,4.61465000E+14
777.61,4.45479000E+14
777.62,4.27905000E+14
777.63,4.18137000E+14
777.64,4.22709000E+14
777.65,4.38491000E+14
777.66,4.56012000E+14
777.67,4.68290000E+14
777.68,4.74363000E+14
777.69,4.76390000E+14
777.70,4.76135000E+14
777.71,4.73579000E+14
777.72,4.67132000E+14
777.73,4.55537000E+14
777.74,4.41252000E+14
777.75,4.31412000E+14
777.76,4.32553000E+14
777.77,4.43891000E+14
777.78,4.58179000E+14
777.79,4.68934000E+14
777.80,4.74634000E+14
777.81,4.76965000E+14
777.82,4.77784000E+14
777.83,4.78018000E+14
777.84,4.77951000E+14
777.85,4.77659000E+14
777.86,4.77210000E+14
777.87,4.76722000E+14
777.88,4.76349000E+14
777.89,4.76149000E+14
777.90,4.75971000E+14
777.91,4.75638000E+14
777.92,4.75270000E+14
777.93,4.75203000E+14
777.94,4.75561000E+14
777.95,4.76102000E+14
777.96,4.76538000E+14
777.97,4.76789000E+14
777.98,4.76869000E+14
777.99,4.76772000E+14
778.00,4.76600000E+14
